Salinity (psu),Temperature (°C),Initial Polyps,End Polyps,Net Increase,Ammonia Nitrogen (mg/L),Oxygen Consumption,pH,Phosphate (mg/L),Nitrate (mg/L),Turbidity (NTU),Dissolved Oxygen (mg/L),Chlorophyll-a concentration (mg/m³),Biological Oxygen Demand (BOD) (mg/L),Sea Surface Temperature (SST) (°C),Total Suspended Solids (TSS) (mg/L),Water Current Speed (m/s),Quality_Index,Suitability,Predicted_Suitability,Cluster,Cluster_Label
26,24,6.857042838250704,11.818867781994046,18.90631577401469,0.047447667138661,0.7314712440186637,8.349100282784732,0.1102669960944505,0.3958431876000549,2.559134495103581,6.994534025761116,0.345418867008262,3.669447189967232,25.6706374905082,78.5337117697088,0.2325722382765287,33.30919054896108,0,0,1,Far Suitable
30,28,7.496669174893091,37.91820414539611,6.853605483307864,0.032450716712197,0.385200272611618,8.158912499963117,0.0580949702022356,0.145425816391015,2.015455314332041,8.738147926564814,0.3157531106786507,3.92078106464622,30.421528744487286,70.98518579883502,0.1808714352799374,41.29905841540635,0,0,1,Far Suitable
25,34,9.781110953244742,37.859808610446485,3.26697729252886,0.076782958555466,1.1136161233912545,8.284011512858148,0.1357917072243567,0.2961785839683902,4.170872281529096,8.085719955971745,2.897077712375799,3.4521570258895427,31.256511989069985,94.98419838016484,0.0334300128442472,31.18826993257183,0,0,1,Far Suitable
31,18,9.714155707066308,23.7579383054152,4.963890604581447,0.014805406630351,0.968713326883202,7.894150363222336,0.124951641515678,0.2356658130100135,6.115230949969476,7.671746978192261,0.6662926664167662,1.7936214559756158,27.36675593881792,84.69300816851414,0.0600102747175351,35.39049899940719,0,0,1,Far Suitable
36,30,9.04441730818164,26.826233900878528,26.44454303283205,0.0794322437163244,1.4274570697820188,7.809013525188339,0.1130559234345738,0.1444253213126619,4.054156124303305,8.225421123174359,0.2231884232322227,3.930479285849037,25.7514778225227,69.31307197749913,0.1241033549975121,30.979333594088114,0,0,1,Far Suitable
34,33,9.65159442418912,36.9302401803387,13.5039985715339,0.0476309237984796,2.812731990900749,7.882969904042849,0.1432641062553984,0.2404975329133313,2.852475843742144,6.975343762607693,0.7358705346184822,1.5802615785616942,31.4830202308941,96.3776893960321,0.2610185376441972,34.877704404900044,0,0,1,Far Suitable
31,31,9.12566097964352,39.84944107975279,4.316553109462781,0.0142997590481882,0.604486574319054,8.15932985685439,0.1138455070652143,0.1654220153655272,5.453206833475051,6.270182630621353,2.1427760780714675,1.0004745796434,27.079141601675715,44.62404848787129,0.3690940190260913,28.86097002087153,0,0,1,Far Suitable
39,32,7.477260517304909,25.816979822617377,9.110257613863492,0.0256747211457612,0.2339698012847236,7.964647032600225,0.0786815747207031,0.2743393438054433,2.417964669606623,6.442990980220837,2.1653560119342914,1.073277370414175,30.37976667907991,21.983781606066994,0.2027089982964675,36.0313675764405,0,0,1,Far Suitable
22,19,6.931744549241578,21.755748892272365,23.83967315349524,0.0354290957479229,1.7808305094967547,8.040017781591775,0.0793632391759874,0.2809098049156556,2.7643509965181305,7.677324714810956,0.3745875867109761,2.558212542504381,27.993245412094208,44.69932012063626,0.3635418915292531,41.50484713241694,0,0,1,Far Suitable
26,21,9.44695458064422,29.09615940260063,12.12315916511308,0.0665505951978786,0.1204244524100114,8.317128198670954,0.1000297874393991,0.1739704075091269,2.2644175590355182,8.589931539181698,2.0132605533792334,2.7204730944307625,31.506432959372265,57.12936958565908,0.1771253581893338,47.082278890596726,0,0,1,Far Suitable
28,18,7.253098283648789,24.94708001497819,4.580702837228104,0.0616186961018362,2.4359385334935086,8.13857010104006,0.1178900842230207,0.1454349269514699,2.0090518009669616,8.451154182685563,0.7624652583938377,3.76429442641828,30.296229085728385,58.33065579345316,0.1354924748843067,44.01653161479477,0,0,1,Far Suitable
26,25,5.52683766976403,10.425701481873016,24.105784355873464,0.0602552883658071,0.2791109202415791,7.888835855693298,0.0686578499253641,0.1631322904724492,3.0866594273061256,7.796834710149508,2.991893072766969,2.49932227835012,31.84367402389342,91.86984744482044,0.1299319838724639,38.82649368933112,0,0,1,Far Suitable
22,32,7.309734683354779,30.94933471682718,13.859341647773098,0.0632620184370056,2.3670140681138023,8.019136755754129,0.117054050650609,0.1587635636091708,5.731148938883044,8.788676766823038,2.0349339707210308,3.97688669123723,25.25642147894733,80.14411704729886,0.0972849725283829,29.220559866379595,0,0,1,Far Suitable
36,20,9.853749788353351,38.58690387993482,2.8897975620050844,0.0705256648221922,0.855918799015516,8.273039718566947,0.0881229952774876,0.4011268104355239,5.433524655680276,7.631535741346125,1.7760542484587445,1.6342238731666483,27.72288171120308,30.681611524473343,0.0234116391455139,37.442486487822,0,0,1,Far Suitable
23,19,7.0606546513138575,33.192671250923986,5.2396369090484605,0.0616516290618119,1.5922291920100655,8.138904862030456,0.1344402343190532,0.1621373210040068,2.125887842988355,7.157517272112573,2.136665996949884,2.891656178136554,28.695364384820977,40.885874832909806,0.1625368886813143,39.79014955089541,0,0,1,Far Suitable
29,31,5.343564162591338,23.74703951178501,8.111276435424426,0.0437995892087073,0.499428886774645,7.832707133946515,0.1115091287369988,0.1348328198365714,2.25650157045444,6.425529721915096,2.293691881465842,1.4023426263864955,28.25173509260668,21.45263318055602,0.1787419812982218,35.372750746293654,0,0,1,Far Suitable
33,24,9.87995424799396,33.53262574010253,4.140316109104535,0.0786555663790209,0.8067538145225936,8.158567914559477,0.0570368107906029,0.2838398198552894,4.197499951899334,7.888084573440116,1.7543279543347967,1.8012819442952854,31.65589166320214,29.7159954681141,0.1458882415609281,39.78235297434515,0,0,1,Far Suitable
35,27,8.336751990232141,21.309566257788404,27.084757073394467,0.0524148336789973,0.9870949584584076,8.285656493077688,0.1131034175712048,0.1947251709815077,7.189165272496504,7.665880784214821,0.3680264590247035,2.656436328495984,30.897132435653955,54.84922386834253,0.1105873747436533,27.323113187598608,0,0,1,Far Suitable
28,27,7.371680549531069,22.08293195386756,7.114826758710708,0.0680874885302099,0.9696353784877884,7.973954857579817,0.0905215123299278,0.3333688060732007,2.096998000701958,8.876962430147598,0.6771513068434625,1.4016045735024043,25.05182421051424,93.83463040501434,0.0930971404021495,49.5170832798966,0,0,1,Far Suitable
28,22,8.082498634475417,39.70259128202446,9.721207324355875,0.0381048327395413,1.2318570869170344,8.017993543251734,0.1161878388044691,0.3666544289644968,2.400178135332463,8.186626939964572,2.245139089898672,3.226495672959744,28.02011494615608,73.88208388622263,0.4470188317977683,40.9808238066108,0,0,1,Far Suitable
30,29,7.992657878421828,24.44648020827563,4.143911236139092,0.0765573061941502,0.821511484884129,7.973303648686508,0.0971083729483925,0.4133346767698482,2.946762669743024,8.087857737399535,0.857267857348222,2.8337034961796626,26.547246002870995,60.79626329595399,0.3786120358632163,37.24751568988116,0,0,1,Far Suitable
36,29,6.8799644497065575,12.721651067047931,18.84710059251229,0.0282643005755117,0.5478056968637177,8.154811022431925,0.07365679252111,0.2195790912319121,8.298002421354903,6.606762274246457,1.88620282055134,1.9592466822755248,31.857297223692587,69.900074990987,0.1164106128186567,20.498042047010504,0,0,1,Far Suitable
29,31,8.379911377931776,39.773268681243366,11.299073932627488,0.0594169365606005,1.101267200965454,7.98591938964509,0.1366427402898756,0.3048072506701876,2.677829466322544,7.707998421463143,0.1886482653081267,1.6154002214691072,25.875095830810668,38.39927262804237,0.0259748683052092,39.81262413922835,0,0,1,Far Suitable
28,25,5.063574449934468,27.2152376231354,25.65614516970972,0.0680405448198897,1.9037442912722349,8.040751549922238,0.1412787385386525,0.3610453606989414,2.0542844238146207,8.916413577009093,2.7816560769321543,3.150422826905652,30.75556799787753,63.43263809342702,0.269947989043876,44.47276503012401,0,0,1,Far Suitable
20,22,5.539718573232322,35.18978967126371,17.05792217275854,0.0677364863585881,2.948542576716183,7.983839279017174,0.1484441953583368,0.2808175106319207,2.276031011986608,7.5830382861227505,2.2071538166952216,3.125072019843344,31.32731404398605,38.44914236045419,0.0317117442822288,38.53507768002928,0,0,1,Far Suitable
26,27,9.825648710634985,37.11272715325427,10.064149685873153,0.0269286736790747,1.1199883229023917,8.05650453455559,0.1276486881315666,0.3865417931496347,3.642175526430414,7.9078154749324,1.4177882787162452,1.247175242960083,28.98422353837485,57.3872239694026,0.4379488938837716,41.36711957298464,0,0,1,Far Suitable
34,25,5.753380538549387,22.0282528741914,2.816345208618492,0.0777419977383601,0.300992541811055,8.00178485664825,0.082877428749259,0.1393738836179959,6.638238740555327,8.961062558915712,1.4568019383462687,1.6851622186706927,29.58121924978112,20.288986462766275,0.0899788221128533,38.60330031742989,0,0,1,Far Suitable
29,29,7.067082246476307,34.69482492126578,6.375943867393734,0.0495076766237292,1.8331340756198111,7.970947951531461,0.1371264685270157,0.3240687582269433,4.09299845033464,7.958345958712995,0.799089457963738,3.1078522633019663,26.60300997992124,27.940648083631533,0.1690540525670287,32.89202416063803,0,0,1,Far Suitable
36,30,5.529653562792465,17.65927229511795,4.680413532843124,0.0631517598605143,0.2534315564849267,8.222505333716814,0.0888632290398838,0.1678254074284436,7.875237140345976,8.84797563946729,0.5014836399500672,2.2109175087588286,26.9668406371566,75.92795463709227,0.3180482640821636,31.70988260556074,0,0,1,Far Suitable
23,25,9.058761084328548,23.800071867423966,12.629269404646768,0.0239541842629828,0.9438982297375228,7.863767106942321,0.0883791255906847,0.1243648907486108,4.231729555361551,7.579354384080785,2.8803883870232205,1.320830831254904,28.192470014796463,88.18117459700234,0.2141327655400321,39.00028952466672,0,0,1,Far Suitable
26,21,9.407253898375108,34.80240304078741,9.999588633253406,0.0150593863301223,2.7229131535312323,8.089712858989769,0.0981803442538941,0.2597304585566041,6.420027810092351,7.926431777474096,1.9690929908609096,1.5633347566015343,25.12458597704665,28.324244416118933,0.090093370583615,36.18501396328583,0,0,1,Far Suitable
38,34,6.389510486244339,11.429237723095198,4.558474936091457,0.0503050103942088,0.10216835427454,8.195614432367307,0.1071213909614797,0.1738855638279532,3.72375546199369,6.027591224178253,1.83914199588116,1.3995452719904269,28.080912927916604,35.28436945079969,0.1780355086051098,29.518828737386457,0,0,1,Far Suitable
32,20,8.287801563890115,20.578078177865745,23.86698818204419,0.0352275828037877,1.8943662491270583,8.300939657018635,0.0575202028762802,0.4395165011103362,8.413979334766086,8.371148984455717,0.2865387219765284,3.860405355049868,30.069685507693887,53.35812182104088,0.2482414617993487,25.84416786903553,0,0,1,Far Suitable
31,32,8.711740252862546,25.4697821756936,14.429307304957526,0.0241504579457689,0.7314022065168164,8.090041341913803,0.0983011855548378,0.339425740063324,8.35248500706204,7.125567172553751,0.7983301852483952,2.701338383761811,30.32477759477327,26.935443626151148,0.3712519064908009,18.495826740585223,0,0,1,Far Suitable
32,30,9.199819901410912,27.7129326946808,16.01336484426811,0.0668628326172943,1.4238756804904455,8.177323886647983,0.1258995762490727,0.1082046412093558,5.290019187830953,8.168676544911857,0.3782716893451108,1.5865232601103263,30.04266917606476,27.10768713398604,0.3166409414144031,37.09177245070153,0,0,1,Far Suitable
27,26,8.39189411427571,16.107351326390813,27.244324148037894,0.0600286972665013,0.9769476468813744,8.280698440305095,0.1311087246200258,0.1446329252532965,7.044169137985387,8.717702980106056,0.7597933929164705,3.327950083801434,29.840992644376392,34.96007854445989,0.1310407164704639,31.04428080689314,0,0,1,Far Suitable
34,27,8.216825899558922,31.951742096926388,11.08168261546156,0.031102414162116,1.2079562592820654,8.027759613869,0.1109028944706915,0.4322758420792056,3.1987050735037448,7.479865165851335,0.4779522573101077,1.9757302552408649,28.67283938993489,80.3656172055689,0.1709980350733892,37.63497706611621,0,0,1,Far Suitable
36,34,9.371312353051188,22.172535058451828,7.351698476569112,0.0251605429939068,2.921248060114065,8.029342392008695,0.0605800359424139,0.3369763021593838,7.177342176407884,8.69283534348876,1.0382367511166029,1.0474211728409757,30.144975068062013,32.55798296043817,0.4916774265626271,34.30260395512568,0,0,1,Far Suitable
38,34,7.99684482831467,10.620141066757132,15.913074518001368,0.0233235882566533,1.6465942511303484,8.067415074148048,0.0945106663717994,0.1590207387314799,5.089091188228571,8.877021854878723,1.1999664987493437,2.1436251615799145,31.111044155688955,68.67589104857532,0.1355932294978634,37.36914483435128,0,0,1,Far Suitable
25,23,6.610540021145928,18.0654022735853,5.6540353952811575,0.0309462403010742,2.552362065710822,8.029637514790663,0.149822245060905,0.3746346008457731,2.6618806644979287,8.433237762028192,2.142719627700392,1.2596944919193644,27.00149291757792,71.88241990669187,0.287337470751904,47.94376694444468,0,0,1,Far Suitable
39,32,6.049209974282047,13.898241168038236,11.535255393437112,0.0790037774710018,0.4005465067943071,7.843433638958586,0.064510557339645,0.4240501710875428,2.6312146359296085,8.647093127354797,2.278978134552958,1.826356448690369,29.563054633670312,75.2348236171878,0.1480410729132733,42.80997298648509,0,0,1,Far Suitable
21,27,9.125653338330576,26.802750923301865,24.538984451179125,0.0653899004747678,2.136975561011986,7.974220927491612,0.1404381134665523,0.2064633544204706,2.730830922931493,8.796682020430522,1.1731683045338646,1.4419352802640746,30.19997261780077,89.54163856688295,0.1130446611170582,47.54010562404461,0,0,1,Far Suitable
25,33,7.6014828845932705,33.42195559602703,3.466956276656114,0.0520968849481994,0.9684273994093384,8.32934104861246,0.1468816441483376,0.1860482388184163,5.419266303234522,8.303033830467873,0.6028289144398563,4.317962692019636,25.160315130254386,92.70965467711544,0.0767758793859652,26.95396577133797,0,0,1,Far Suitable
35,24,8.677528032437689,39.1725999712031,4.150608349939876,0.0128747720953283,2.5886028825772978,8.384019939691372,0.1163502069405257,0.3227522360591863,5.762271490105894,8.926738023748195,0.4947956770164827,1.757131459872984,26.32845225401857,47.68790481281931,0.4613068494072157,41.803414950656666,0,0,1,Far Suitable
39,25,8.668079150211563,13.66091482965546,9.836994262899951,0.0508395063312904,0.4526552521093656,8.332525144635849,0.132645365245498,0.4500483969529978,5.542801579801686,8.783324684463478,2.550250846552934,1.4822579832880014,25.523482791713587,88.51687091892609,0.473468233324949,41.43499599658313,0,0,1,Far Suitable
23,24,6.497217552459434,13.753757714252409,9.776134445823628,0.0424942764266488,1.935946866839092,8.184759425554121,0.1413765003303798,0.1106410254386255,4.547755404818443,8.702962529765678,1.0548060884143733,1.4797607354301432,31.420228045868456,39.93066571663164,0.0512435139144998,44.53454014559453,0,0,1,Far Suitable
38,24,7.480831920566097,10.925737129242174,7.983547963969196,0.0563192691836942,0.4886721935250762,8.02505964319101,0.0744064010967251,0.2363532061969428,8.333729340674171,8.324145253090743,1.144381894544236,3.13496792311066,27.540571454577368,70.65531264957329,0.4903888208357738,26.249255479953167,0,0,1,Far Suitable
39,34,5.891262334523208,11.556858985552326,13.760114074279338,0.025338824526956,0.4357041341143414,8.105365068605572,0.126330761521221,0.413982246114603,9.821395313029662,7.644001195283412,0.2318474188942849,2.8097379804702,28.54547267342871,31.763753408852363,0.4600226194575325,15.81337854572762,1,0,1,Far Suitable
39,20,9.955632159106518,16.401800439270687,26.0227425456216,0.0517503768237962,0.5039767822529515,8.38138071724938,0.0761245132453582,0.3553367002324359,8.15946748758949,7.976683988731276,0.4979229546956705,1.199201131577507,30.48427986006821,46.16671047344132,0.2187267857877575,34.24384805705235,0,0,1,Far Suitable
37,22,7.827749824607202,30.13165851579744,8.940454044395862,0.0471949782226886,2.098626090239798,8.34169758422158,0.1188330762332676,0.3126402996071574,6.797752088882219,8.651355432775901,1.3242499782896922,3.27104490192432,29.5740339347346,87.63011492714656,0.1397174530394898,32.961247741207345,0,0,1,Far Suitable
20,25,5.826470554850872,26.47929314440312,12.195157700293985,0.0529206337772112,0.7252683192048298,8.048596208412125,0.1435815624111145,0.2702253462873406,4.429864712708363,7.886753564912654,1.3870569488422344,4.533545948196089,29.796334249100543,85.82068684887906,0.3039727027881906,28.663667093493626,0,0,1,Far Suitable
35,18,5.28068051708105,33.46513789273739,5.695028949470929,0.0566712070900312,0.630389853899139,7.9004822943300255,0.0852016582501878,0.3775381545089066,5.760767667612129,8.575234172866523,1.2638742349883354,1.6434139925971434,27.764065662010044,67.41814396538949,0.1536248207753957,40.91488736089164,0,0,1,Far Suitable
39,33,9.263640099378556,13.73148493723973,16.369126345189805,0.0457679520131543,1.7455853032673658,8.027403499906919,0.091080900100968,0.358159469724994,5.118202556978299,8.535317293901942,0.1821406368863802,3.5306375037181588,29.25868951771568,86.66555291765222,0.1681878708238698,30.30876896483176,0,0,1,Far Suitable
36,30,6.127706649628664,33.92642081611598,7.44453404408728,0.0400135003780278,1.1933223646803597,8.012145074179365,0.0518371654538104,0.3749489863031227,5.141668257153736,6.267854614792007,2.11630881396549,1.2098419716479762,25.281390838805137,42.48743103876446,0.0423110351490505,28.295477658051578,0,0,1,Far Suitable
35,19,7.404530003765348,12.925429769226923,6.573426146493603,0.0350572836172935,1.2590082060486856,8.105215164437626,0.1115490959666719,0.4038885314723701,6.63595346232209,8.035094249015753,0.5389467590366361,1.6869246516074767,27.777256480597213,50.97379126376643,0.1829322176156198,36.02202037849537,0,0,1,Far Suitable
31,20,7.175901996276783,26.769419022993223,8.20989538938492,0.0333562623443584,2.95029434178072,8.23267365366886,0.1253780601086415,0.4094589580221336,7.321062881469804,7.244478967150973,0.399551055902665,1.26107996980131,25.72533151365477,58.00666376309432,0.1277203231847943,31.765039418931547,0,0,1,Far Suitable
28,30,8.155853229783531,26.02871655681028,4.4525563273665,0.061671778937579,0.8475576157915747,8.083545511826314,0.098281009332837,0.2494078656926965,6.865706179036602,7.759554928953614,1.3443835721082098,1.3066895278731598,29.836685841184902,85.75351887006528,0.2879101440487996,31.29871064300105,0,0,1,Far Suitable
38,24,9.54695096004198,19.265032720220223,3.4156572628670907,0.0444653612463738,0.2435866261366512,8.282899690377883,0.0797673715592845,0.3752933109342597,7.403235497082352,7.285455878676629,1.2941844437024943,1.4726221997778173,25.92798582341594,89.97476413919063,0.360714579110229,29.81059479429365,0,0,1,Far Suitable
35,34,5.035146019068096,13.554770763052018,10.045148062249254,0.069888578640511,1.0908562640735169,8.312771415473087,0.0636982222309527,0.2834631837969481,2.6371328503121854,8.205488999501837,0.1988775237744837,4.113682446142816,29.0259383808256,62.50508833326149,0.2650939102334607,33.88748693977698,0,0,1,Far Suitable
25,34,5.222974541864808,19.4964899580361,17.477346304940326,0.0529893223331262,1.0379842797905707,8.29250414202291,0.1205306642535927,0.325125044381452,4.001970602103495,8.562982367398885,0.3049457976158062,2.9290063692096977,27.00902173856439,45.68278858510488,0.378109574790587,35.94489086588185,0,0,1,Far Suitable
22,26,5.78190902201724,14.884451490305914,6.79625881900677,0.029188425467344,0.8720713543465497,8.205535573698127,0.1174007356462711,0.147341640530635,2.431758091419134,8.974541793971767,2.3955677795396744,4.978796636499399,30.59963703804668,96.21212958011331,0.1690073425038046,38.453546412936575,0,0,1,Far Suitable
23,21,8.098497200997079,21.720463329578173,11.450909044746927,0.0652315991183694,1.904678639314676,7.900058561323615,0.1343036946927703,0.2833132865545092,6.78328793810666,8.508634417064556,2.4813120653419096,4.386576257330713,30.158392390462613,99.1565297439271,0.3400803438708458,27.189882473454126,0,0,1,Far Suitable
23,22,6.729602237508471,22.34966381370107,8.902557357863524,0.019838298959688,0.6989497715188185,8.225476314891562,0.1022126493432176,0.4657830603523765,2.257322162581051,6.86521195992759,2.635128476552465,1.1446106421651567,27.35794997854764,15.610733911850264,0.2340741969038849,42.58943262725027,0,0,1,Far Suitable
20,22,6.575947605486795,38.04983295516296,29.328915560805708,0.0300531616421208,2.2315758324047863,7.812634670133792,0.0901541738005282,0.1360454531736578,6.996778012161235,8.442607549550468,0.8639840022507469,2.2856851112466825,25.72812076256572,12.891777950433797,0.2120356132607312,33.70381839197402,0,0,1,Far Suitable
39,24,6.183921546556928,28.16514299847629,10.733533355027744,0.0685571623532632,2.040870807946608,7.843983490868232,0.0772002573730989,0.3394548715319445,5.43457073574109,8.568120461639124,2.738869683490567,2.1045456652127754,31.66566099791021,67.15904837360739,0.3148214078452443,37.60766944580486,0,0,1,Far Suitable
26,28,7.741602918632121,20.675642777776343,5.111840125296348,0.0750017817071446,0.8559579574477213,7.936899548250543,0.0706197079255202,0.3735573419110708,6.832871209206777,8.581585070573773,1.0540877465951095,3.2544663423932003,29.83565337014248,72.81784426059284,0.4117593394955573,28.63356579382613,0,0,1,Far Suitable
35,21,9.139341876610864,12.163332787883055,5.951012632597831,0.0587334715210763,2.7608801943294,8.220272919254615,0.0954422319159541,0.1405060723949638,2.096500142579206,7.824851943860262,0.95987755041218,3.525558726457914,28.780816965539746,19.323743499773155,0.0137491103739968,40.687194843760885,0,0,1,Far Suitable
38,30,8.12212723235864,21.443231242399342,4.95656328734592,0.0164900367567188,0.3293204608322795,7.845781472504448,0.0713567300336192,0.3030546890625389,7.6187074728148945,8.36983091084315,2.036254457924032,2.7302970600134024,28.593960535539324,38.260713274616045,0.3332544403845259,26.707755115253143,0,0,1,Far Suitable
33,31,7.472405656475464,39.46148611047887,3.2682500211661685,0.0472556012399335,1.3977583801285736,8.239620110322484,0.0510672287848834,0.423186275704303,4.232681089210268,6.863775803719939,0.1761447745487275,2.0214625060812,26.14791580371209,34.42735067677053,0.3297378953949969,31.02085986542729,0,0,1,Far Suitable
25,28,5.724825361899085,32.00460239476311,16.98426534304981,0.0170965889728904,0.1461687750621159,7.801747030700273,0.1321649333880072,0.1500312907265301,3.618217448725352,7.827277780040576,2.11807623726785,1.450218029462063,29.239572902751178,30.81132436519326,0.1353088401190392,39.75997207289085,0,0,1,Far Suitable
31,34,6.137047479306895,26.664862723175805,14.162121947954097,0.0441048404845339,0.439250834517247,8.359662767943657,0.0602264280997116,0.2668212814811682,6.985294029956639,8.76961145902796,0.1699850582084054,1.8307363815903903,30.616523856877347,26.9768359104389,0.3707894578306462,33.73060536980301,0,0,1,Far Suitable
28,30,7.744193283600294,25.591127886834528,16.019905923426798,0.0295745422945244,0.3288965796113957,8.27717270942861,0.0971608570741092,0.2729423968587059,2.2035771463603124,8.090976578185648,2.068466913286856,1.6008595818677032,29.44199355973965,69.6324937936554,0.1351963838771412,44.79690144894524,0,0,1,Far Suitable
36,26,6.130735257949704,28.16448007643213,2.6589098435947656,0.0609608580457338,1.476178615459813,8.068541970304784,0.0939041488821147,0.4710245395276169,9.14194034397084,8.069983334037229,0.4137399651521124,1.6021632530581442,29.759142410561616,50.84343223519334,0.4979732989610439,26.79993704207008,0,0,1,Far Suitable
20,28,6.080452265926537,30.693365477443635,18.88938063721069,0.0454680053597802,2.410898553800954,8.078130850731194,0.1273800748569034,0.2170435576158582,3.095350591965304,7.381916026662692,1.5782531051236,2.484768944583976,25.142173274833457,25.512572429683747,0.3652533439791829,35.933223900339456,0,0,1,Far Suitable
26,33,5.631268913963067,25.772686586774046,28.42999193734082,0.0327226417957113,0.5945603418048551,8.383776980971225,0.0569174190505417,0.1427541181956242,2.6939821424317927,8.854198397563403,0.813104007226795,4.777751849419974,29.25127214580408,71.4074916580355,0.3141483232306149,35.913853955033346,0,0,1,Far Suitable
22,22,5.8080990564293575,10.060555532447015,2.1513378628347564,0.0336086827237958,0.7103330493119494,8.28336497328859,0.0782498726620964,0.4344317100667353,3.032033400186071,8.18034984264104,2.769369671780276,2.0873837359368093,30.63831614275877,30.22829001448197,0.1821825155338111,44.17488469595657,0,0,1,Far Suitable
33,25,8.991720941121642,11.51466833237224,20.2119069670682,0.0679583524451576,0.900251601655844,8.154076443555926,0.1030473187197792,0.3500107151241316,2.1352785060509367,6.880939838437126,0.2562001319197797,2.432966600147936,30.06918935652343,59.92225775625471,0.0803653355708086,37.16363612010339,0,0,1,Far Suitable
31,30,6.8596633395843245,28.82459715352838,7.9453512800329555,0.0364595827038307,2.219930012504501,8.114492800616853,0.0915774313581574,0.4416065334675146,6.944349432989899,8.077746646404385,0.3020513068284045,1.3960776915806332,29.02517819383148,21.32548214623022,0.2462840180605426,32.03660302895658,0,0,1,Far Suitable
34,18,6.986906952426582,38.08801418239658,21.63873199567132,0.0426377297069484,2.025695796022821,7.822785580541764,0.0729702315362134,0.1165497529869039,2.862846209228116,8.075801868637583,0.8324081874849546,3.3857849955953787,26.24737498751688,61.29133269821581,0.3100774249704563,40.4694269162762,0,0,1,Far Suitable
25,30,8.787409423947086,16.440035919176104,2.779629412167575,0.0760644677957858,1.7919360239178643,7.99206608460354,0.141344469847559,0.2804357149867326,5.330087994880601,8.831928214436399,1.101296033813858,4.0207490969930415,28.67682942702557,94.22883724654896,0.2251359895761836,30.523797294195887,0,0,1,Far Suitable
34,28,6.382208452916981,29.94983548713321,19.43650390419933,0.0275623221573873,1.4415698794452374,8.30301174242941,0.0909225480191796,0.4643515619225775,4.123993737746257,7.354102725573455,1.0856978813693168,1.858160884813146,29.91363950686354,96.0101795965099,0.150999577875539,35.56621406747038,0,0,1,Far Suitable
24,28,7.789100959646007,35.83958877445272,15.792772146210794,0.0345139076716253,0.917212316149828,7.914726310648045,0.1454396902033474,0.1753472928268279,3.690280300559502,8.877268813077347,1.3506127944228032,2.4999685797863584,27.406690325445627,83.0891555395499,0.092522912334519,41.34523277574741,0,0,1,Far Suitable
25,27,6.815503683170052,23.15154940092284,13.140756915596643,0.0261950349581586,0.7796732629658389,8.198460402688735,0.0927914690187785,0.4198713654614405,6.332763702386743,7.536308244834262,2.564058391463261,1.0727983686042109,27.025665065239863,21.52144586830927,0.4259064079921861,33.64987068208961,0,0,1,Far Suitable
39,30,6.8184656237807015,16.12073997215736,17.307497192297518,0.0299220267613276,0.2004870584606495,8.213040774425615,0.051806021975996,0.1955618782670306,2.193922072179117,8.812306357432085,2.150578620867224,1.351078255070698,25.74219032968765,52.20485590967343,0.3311899155311705,49.47235118824855,0,0,1,Far Suitable
38,31,9.838779385516943,10.885121654356178,6.219249636023346,0.0241024744737473,0.2103426170992636,7.806479035433707,0.1326807112781032,0.3575575767092841,9.327421968830247,8.742182158047065,1.3312275907990156,3.619245200121431,28.27107062117556,19.86974466700977,0.1322311208066918,20.06096816390352,0,0,1,Far Suitable
34,33,8.625927740136953,27.912873105601594,25.45086335412956,0.0215219491589702,1.8482545031473456,8.25939140202311,0.0607853264562309,0.3876712096207918,3.163931577982611,7.56638931737946,0.7566869101012872,1.682997976884633,26.80436120803556,67.79614707552835,0.2810058226099356,37.9487162866388,0,0,1,Far Suitable
35,24,9.98539078540831,21.16601175475658,18.273471864186785,0.0322172195019519,0.4339517834683241,8.0872210323416,0.1338887899125774,0.375704654186382,2.124500370069728,8.608704639909934,1.778215728281175,2.5769854993623778,26.51388690321336,28.64021261946282,0.3617814484624324,45.45799895269283,0,0,1,Far Suitable
20,19,5.649132244758588,21.49852718926604,4.286683724082695,0.0171656959208246,0.6820672444499973,8.346954736683676,0.1067128707532373,0.314048203069362,3.606133832474681,8.464515009169265,1.931769019293341,2.506559407188783,28.647714100061467,54.830846478327615,0.3294371772991464,44.387887298264985,0,0,1,Far Suitable
35,32,8.434304988375146,24.805029764632245,27.88003798225052,0.0626239551378084,2.652448725439751,8.132475698014964,0.1061151146671956,0.3758432076001632,2.860491134163473,7.969682047485593,1.0215054697923671,3.29565723578505,26.999542095026385,90.79015114905104,0.1523838221632845,34.76117086371267,0,0,1,Far Suitable
26,22,5.465152432300136,18.49914287274792,11.123056901573571,0.0734363463604597,0.6654905388109572,8.116288376579508,0.0975297073823255,0.3716988005297098,5.521021572370612,8.795902659859603,0.7733358720638466,1.1086961451756858,26.738776261137566,96.9751059458356,0.4872356017523028,43.56945038353234,0,0,1,Far Suitable
24,21,5.146820795511962,33.60308510071382,5.577690278119732,0.0620404621769336,1.0090843435547063,8.258377917795372,0.1290602964769755,0.2009115838307346,2.986446442571398,8.76048757324213,2.6483754026200312,2.0528856114685388,30.31254084358937,42.602180684846445,0.2312408011465899,48.02277438149879,0,0,1,Far Suitable
24,34,6.684202509305516,18.74487222771169,25.443364199878246,0.0375863106942152,2.5634468467928104,8.241752368776277,0.0904148431777056,0.2439530391018219,2.521598133649204,6.458167880355546,1.884974810268625,1.9433442075994845,26.068782627394665,94.0369778405032,0.2171834478160612,32.96013912967825,0,0,1,Far Suitable
33,27,6.482448906416576,33.122275927166555,5.56634525654067,0.069566632958476,1.6452566836214535,8.264550688620403,0.1375371263327233,0.4755040508655036,4.459460260382698,8.144402586430685,0.3925578813550331,2.8450821326090865,31.207407559796987,81.09833943814077,0.4824689162627663,35.074773872082254,0,0,1,Far Suitable
24,19,8.595387236769279,26.050765137967986,6.1500889387810895,0.0308604800035628,2.071917959259191,8.150591839057626,0.1206549802282827,0.2241592381183379,6.310180688920929,7.485538432295316,0.7241749231066248,1.408689292142323,27.240875347162977,54.103826815261954,0.0844636765526587,35.778345577293564,0,0,1,Far Suitable
35,19,6.269874372860124,10.849338232080031,8.320376267495568,0.0693088586973906,1.4051860942056988,8.174515243737762,0.051950264761052,0.2107991273818864,7.395460451748775,7.321328761031636,1.19299554896712,3.1480363427302214,31.61422318350468,77.59214732245727,0.321960734079436,26.25367635645353,0,0,1,Far Suitable
31,20,6.574597943064839,10.34477419894346,4.26908109302159,0.0790062561615213,0.9776072304933896,8.342977128101948,0.1119348248958837,0.2063580968109048,5.694675476484867,6.66739695797361,0.4026051786441258,3.2470218101775603,25.88633880331517,41.48551229560586,0.273963091184779,27.00490560219032,0,0,1,Far Suitable
37,34,5.019085670621736,22.26331783687396,25.232240257005483,0.0687026221273773,1.4339468420664925,8.2907103980489,0.115086639525414,0.2753759379846101,2.169537969822822,7.489942154824918,0.317959839480446,3.6414133141707374,30.708006458080977,99.841952247694,0.1570783394585293,32.94559085476577,0,0,1,Far Suitable
20,23,6.07764934395666,23.38603662932631,10.912514651385726,0.0544189527419067,2.196865663834956,7.994823200554959,0.1368297018161328,0.1191198838630997,5.57029334779481,6.301619849318349,1.7055711321977811,1.7473379997376774,31.96895962699917,60.36534481190805,0.0986422188543773,28.60758667026814,0,0,1,Far Suitable
33,33,9.036980151699757,12.299074194257464,5.34773593705758,0.0169460717266252,0.3604841753342538,7.8869595162657,0.0834818344713451,0.2243320404109978,2.107383320961021,8.675611057382753,2.4802691026014214,2.5773765729340283,31.50860760415405,79.19809862427756,0.1972506520807453,42.23600012032164,0,0,1,Far Suitable
38,31,9.494236940901237,34.84350487019029,9.188817896673225,0.0539951519165342,0.3682982014309739,8.348715692281234,0.0519725746463175,0.4327032563208988,3.500887908363397,7.97765885614227,2.727724079195307,2.7242449771631576,25.12743712172239,14.125031591384044,0.1804356238551961,36.35424303094925,0,0,1,Far Suitable
37,34,8.253842737793736,16.481803487342994,24.5146787497406,0.0250608935136838,0.3927307141135566,7.867831780700706,0.063518305417143,0.2879196882714131,2.173183220697984,8.33751145462563,0.6478826938334612,2.2228919972129177,25.899976740986283,28.29556768096999,0.0267847410770535,40.994383335095854,0,0,1,Far Suitable
27,31,5.845405351779963,28.96649793261847,4.590012262290986,0.0798262691820872,0.1063340142860214,8.285862242338357,0.0730734276606118,0.2923920984185312,2.686008407288835,7.490235213286577,2.899660339224772,4.286161528786463,29.958735985243848,84.09246424115774,0.3415676902762828,30.58301311259678,0,0,1,Far Suitable
28,20,6.908059699336,19.558268882908216,10.610834273732776,0.0379388270311476,0.3715353906675247,8.079303399916489,0.1188999984988568,0.1612170388655285,7.337522757140487,8.134553208591345,1.4906386028917378,1.6124100191951998,26.63533718934631,41.68688318281887,0.0828575474735403,35.154505639489564,0,0,1,Far Suitable
37,31,9.01177164579632,34.86613828758876,8.51115728538394,0.076818768969225,0.1036774230549217,8.18156374604486,0.0502842153663972,0.4507370127527031,6.78343541455864,7.48386038510877,1.557444232689253,3.3271421047781016,26.028461189704245,10.862741596732086,0.4366098508786761,22.509290671980235,0,0,1,Far Suitable
32,24,7.395350315516756,20.46670225125471,8.328929510082258,0.0742965121939362,2.6926208739587376,8.324992612831592,0.1430898144371429,0.1504221725442813,3.694394308652382,8.277922886802488,0.6093118658536307,1.3981921540355282,29.01194454257849,11.538416810831984,0.1416507724738008,45.142125985261984,0,0,1,Far Suitable
22,19,9.863881614460428,10.397531005117315,20.2532242357489,0.0695352959830018,2.387940859411288,8.052199985659106,0.1374939405602671,0.2501509415597279,5.824776150545772,8.646061312668738,2.351216825653049,4.617417361001257,29.91298857455434,59.177928179254494,0.2055985748445566,30.963194974804104,0,0,1,Far Suitable
36,25,9.13019525833286,18.8782866657597,25.30768113548708,0.0618608487869652,2.0771779435865185,8.366131887389646,0.131082811336227,0.1966340002683334,6.041811822413392,8.991848264382746,2.182991213269299,1.3419545494062857,25.271631668216617,20.77547625999044,0.3006639612033934,42.50734949518131,0,0,1,Far Suitable
37,25,8.106722486267648,21.54410851663309,3.346584691536992,0.051513933297715,2.801811824301155,8.312554836932364,0.1231604340519468,0.3525509745581717,9.126614028594147,8.339447672265582,2.5996378655848744,1.314835668570261,31.260646691333992,35.476879532533914,0.0638421651702485,30.73751857680877,0,0,1,Far Suitable
22,23,5.601236132558379,18.90360046059552,20.28259042785958,0.0302470731973767,1.1486612234336298,8.384036574861627,0.1304304712955517,0.3130846488155941,4.26358054429865,6.708630722804175,0.590019235109882,1.9557152683114345,27.874965771323367,67.51292477920276,0.3125537243949026,34.21810271391056,0,0,1,Far Suitable
36,28,5.230617821678669,22.42602776715491,17.253622355518086,0.0182766874730498,1.1999218360098791,8.380781878061974,0.084186560176235,0.4290945944173726,8.943715573457265,7.786188257142816,1.074714618741315,1.0235182773698035,29.51572243610553,51.83753744166164,0.2219974340677711,28.558758241127094,0,0,1,Far Suitable
32,29,9.12267404043516,13.644861732632965,4.089876070224007,0.0504051251106265,2.872119199925729,8.127834280327042,0.1475450524134951,0.3083314922162966,7.376915680790392,8.367900101625086,1.4532001788826558,3.2815048013952945,29.82851593987214,91.41745844034544,0.1287369133716552,26.34877421101836,0,0,1,Far Suitable
28,27,5.322456356245838,19.33007484198041,11.444479421089618,0.015423808165467,0.1114838347352139,8.258786143568468,0.1026759287692215,0.4029850093362754,6.713067225248306,7.630375328975509,0.6098486618907116,1.5827301093174737,29.158949087816566,59.810034875292914,0.3080818250220256,31.61918723242089,0,0,1,Far Suitable
31,18,9.386308814130896,17.311884475730253,16.831991051034294,0.0509707779834018,1.2129401281344867,8.332564997696373,0.0611034923023859,0.1222691259815902,5.613934028123536,7.233568465314695,0.2959033606348497,1.8298368059195136,27.448966573925645,99.83780621974856,0.4150583899773889,36.32520822910929,0,0,1,Far Suitable
26,18,6.702029216747824,20.070214991171788,27.875016045515824,0.0753784581901163,0.5615613435821065,7.885694466292129,0.0753252816965716,0.1616246611442592,2.6707657440358483,6.845604763302305,1.8549123707283164,3.5864289473571733,29.079066884320746,96.55708390341356,0.0907386729368241,34.051289830532724,0,0,1,Far Suitable
38,30,7.656582602840295,39.587400158542046,10.48449019549684,0.0455564084334485,1.2330112575927514,8.252208309325795,0.054915262872471,0.1505921026765238,2.135370747719545,7.6838356041742095,2.3106270661720005,3.936598389216603,31.18180000952024,98.97314311236988,0.4406849622717437,35.1264849865481,0,0,1,Far Suitable
35,32,6.261536249197032,19.82656495540397,24.12041556367669,0.0602153927125456,0.6438289464452831,8.088064696771372,0.1167806219986617,0.1755477531262194,8.000490593154778,8.851021389697305,0.3386512689521305,3.5306650152735988,29.73477890545617,82.87272433545289,0.0932419777628624,25.398750604288523,0,0,1,Far Suitable
26,19,6.101126506886576,26.400557652978662,10.903511437529378,0.0410494341848951,0.1305997467661115,8.121222523583036,0.0540595985302373,0.2074396646004343,2.793831168661413,6.3922814834445605,1.8884999268302127,1.4845121079910126,26.22772009653961,95.74685858138233,0.4279372002806383,39.33248671777,0,0,1,Far Suitable
30,23,9.779122418603762,23.172866957524853,3.710930693349704,0.0797766426476776,1.227029742260598,8.036967111612878,0.1496088727264512,0.422876788160864,7.330161095366781,8.602626203073598,2.1116830634164945,4.586039342455457,27.097842361121952,97.01670090201677,0.3496068053555386,24.6826974897825,0,0,1,Far Suitable
29,23,8.382131811691961,16.657013823531187,13.618892210231053,0.0555583255093039,2.708587018779298,8.067383280493297,0.1315665540814633,0.2272653081690617,4.882569101532502,8.526177801623728,1.980281919582378,4.945706184574119,28.18522833385396,81.56424274438888,0.4391517226052477,30.267742860960794,0,0,1,Far Suitable
25,20,7.252326508289091,29.433226988510263,4.760638446774221,0.0593930713349005,0.3972393546487172,8.356604724899713,0.1403301127388759,0.3437214875826029,3.312245851675115,7.460506330201246,2.362485814452856,1.0885146976863265,27.485447973154187,46.15385800720061,0.4898242108156497,44.33726445654995,0,0,1,Far Suitable
22,34,7.685037441756792,32.292446188941405,6.154089444106471,0.0132940865622013,2.978614090513324,8.185665930035919,0.1020874036634885,0.2779221980235127,4.83215710425609,8.412581266234366,0.7084970909626279,1.2497007347300535,26.278209786575943,86.20806402955355,0.1232372743392228,38.916730224199966,0,0,1,Far Suitable
37,29,9.166585357365062,39.45122027563424,17.633864821795182,0.0390085878402946,2.048952367465549,8.191912313494688,0.1456132856342369,0.1071335160774493,6.353457233850406,8.337111596221822,1.53875291301019,2.5177815475238057,28.7354494186593,15.86547963074863,0.1342699072890538,32.412681549767285,0,0,1,Far Suitable
32,32,5.221938860854272,23.391606707895843,16.0697445511541,0.0497902368031352,0.5744878173534097,8.201981954457993,0.0624697447123603,0.1256338350416265,2.621055081998361,7.580548495742883,1.4587603311254986,1.9384890680251283,28.037830943842067,88.90748768184673,0.0896770048208179,39.39433376369085,0,0,1,Far Suitable
25,23,6.422811508814488,28.252268076400533,24.15947301419532,0.0275611430201277,0.1391895626879294,8.228340560037958,0.149315410359016,0.2974123320930484,2.372332169752545,8.780023132034724,1.05105374813231,1.7087752499361524,30.635668518368625,41.367860390322114,0.0653260660408492,49.80224521561518,0,0,1,Far Suitable
25,24,9.091033343741238,31.199027904027893,27.64207070471556,0.0456759515562632,1.1523108692858002,8.088011105906773,0.1258302617210518,0.4522673850200593,2.03475254227272,8.950684508933968,1.3263233356173991,2.8570816198558413,29.457045915954744,49.09049664834626,0.3442782969072653,46.16512144699113,0,0,1,Far Suitable
32,29,9.3993133868058,21.08445802094141,10.59522390185251,0.0649632919095989,2.560959000506461,7.890874573440248,0.1116460878228797,0.2074802943017073,5.339097021604372,8.209806981925976,0.1497398740201809,1.5639173479604564,29.749280315532364,40.23633233759618,0.4003295588348457,36.40802398835901,0,0,1,Far Suitable
32,20,7.873897771322076,11.359578368826838,7.46552060801271,0.0441184412170565,2.6770621301259,8.065109420686639,0.1485922658970017,0.2390399257834604,4.380374090746642,7.946743503477462,2.4784456101883787,3.7153855401154456,30.73198472534153,58.829791939895024,0.4321080179372362,34.127017231632294,0,0,1,Far Suitable
35,25,8.377101037735446,37.87865206786178,11.046791646657445,0.0140065685461766,2.2124252131683706,7.958407707643135,0.1360253286399704,0.3220022689337944,3.5424223574128533,5.234250842081913,2.5858809695411487,1.4612761329515074,28.676527761416303,58.36558827100282,0.1633745174064777,28.18499035790302,0,0,1,Far Suitable
34,22,8.592146149093676,25.63219571525164,24.00590773384957,0.0674414252526903,1.3827728283456249,8.288044136138808,0.0710927336106511,0.1297326205441383,9.791022136349117,7.827491382173754,0.2978892809988183,2.3164766147904263,31.04666912711059,98.29347640130906,0.1930387915292391,24.846155849863063,0,0,1,Far Suitable
35,30,9.314402514562062,32.75505642749172,26.46849875458852,0.0611001204756603,2.0795379113657857,7.94180195416125,0.1058622336866189,0.1713000575831853,4.405512541016882,8.06448700538052,2.131780073381863,3.606315711921008,27.269749269470307,40.75321411982784,0.433407002809299,30.88456953603283,0,0,1,Far Suitable
31,32,8.587860623657972,16.217268993066348,8.347338258097864,0.0144730659433861,0.7887095228503794,8.14569559789558,0.061099481392181,0.2362667283286978,4.320738119605983,8.305595094978534,0.2422692654850653,2.837274020394528,28.772734835494948,40.21357517829419,0.021225929346668,35.08253938361629,0,0,1,Far Suitable
27,19,9.357988636441153,29.87451840824825,19.09056986891317,0.0708776926340564,0.8750501869264791,7.833748016589103,0.0626712735234238,0.3120462260141261,4.668919127821452,8.694757364087481,0.3651016926321042,1.154662247390358,28.08616768333006,92.15746404921552,0.4638252815941793,45.64486793924409,0,0,1,Far Suitable
25,24,6.28347114155023,20.40887979203676,2.675085415442671,0.0430558498029343,1.3223824292798425,7.848425072516392,0.1066296143724087,0.1551051717594078,2.303506503487484,6.359308098693796,0.6168798274810345,1.7336651807031056,31.218175755043927,51.950307244552825,0.0599946483743302,36.57476092457652,0,0,1,Far Suitable
32,28,8.232250450623035,21.58635978451092,3.907052692258631,0.0116828866156506,1.3009813922793854,8.171740934867195,0.1231221109873246,0.4519408192154864,3.817197974170616,6.751723055389483,0.4482630490574985,2.181127881931799,30.04469226274392,25.03662907167984,0.3774212489862578,31.751747759729565,0,0,1,Far Suitable
35,27,9.440195321800587,27.655148054769665,8.10888122861165,0.0473897787294988,2.1238067465212183,8.205319421172034,0.1371985096244957,0.2298645068740776,2.0642549110049835,8.36991215280626,0.1164227015248104,1.7907915541743225,27.953338893535243,97.67570577928272,0.0969320844531057,46.74606132610306,0,0,1,Far Suitable
32,20,7.993462011595486,15.561183372475345,28.190588516599284,0.0581836888082595,0.8779260408747012,8.266399508449316,0.0598057848562457,0.2584942098149214,5.936653643107321,7.38656562157494,0.2501719874348955,2.45625148718664,30.917016756140907,66.54309344290039,0.0165930762934887,32.592073393412264,0,0,1,Far Suitable
25,27,5.578688033393527,36.05918919470277,2.407880333035809,0.0707024148115946,0.1293318518164238,7.808110363019832,0.1334138660523585,0.1913635846269754,4.277395135574541,8.857351072844022,0.7548907245156979,4.736239280337944,30.547411955161856,70.2695045469589,0.2582333611298951,31.758675745753635,0,0,1,Far Suitable
38,29,5.859242406635473,32.37260137228378,26.25618820750108,0.0265700714091408,2.350029639677967,8.390948859610143,0.1262571112791553,0.2182409110016885,5.76277806970507,7.614542090870916,2.869581960571186,1.4096024638515958,25.389485408814167,70.40675099432634,0.2226498820817107,34.70070021760698,0,0,1,Far Suitable
21,22,7.649957614632093,14.00951744231554,2.401265364276035,0.0138994785280671,2.8695664668738385,7.90564957981903,0.1392152916869961,0.3343590413411027,7.222078047809003,8.128137079539677,1.501421212729411,1.9230735599214173,29.0737886525827,29.26761890523947,0.2093331165308466,32.43827861126943,0,0,1,Far Suitable
36,26,9.308712474591475,39.49916970455402,9.577359851420706,0.0657651408310596,1.7862164489930104,8.017660279882486,0.0777346761724629,0.3615725440068481,2.424206168238486,8.531901999323589,2.606797674094093,1.717251091299223,30.494994220965083,48.10750383756447,0.3841344701947793,46.36065354742434,0,0,1,Far Suitable
25,20,6.921198100686906,32.43515723236216,2.205356223413048,0.0231253119983286,0.4081125545617254,8.210326044697984,0.0840685423574801,0.111790540849779,2.396997021948204,6.53385133819077,0.1426992863978613,2.3427765692415363,26.3045857217132,72.40263536572391,0.2202076042136806,38.23603038135701,0,0,1,Far Suitable
32,28,8.228702550478062,25.42603120028018,14.633409360620265,0.041507690107952,1.937886852851976,8.15357143671771,0.1246254345146288,0.1376961401908989,5.764303478322199,8.962379920842627,2.2399391556284685,3.2148188915548213,25.07355598669712,22.998152395879885,0.2428425670010375,34.87012141635597,0,0,1,Far Suitable
27,18,5.0335519515203,31.20513567341624,24.301562901228262,0.0602717563292359,1.377085246773111,7.980835077459815,0.0866993267081947,0.2582947453466875,4.294365833508318,8.532532249309831,1.6607811350884791,2.6427049931308013,29.52067616035845,29.484298944880297,0.1991015009220632,41.6345950101738,0,0,1,Far Suitable
22,22,7.9799442109174095,37.09281183629615,6.650095865338384,0.0485245895187125,1.7908962848242165,8.081424027999578,0.134628733648646,0.1044113793996544,5.195213269929068,8.339210671818,0.981175384517845,3.747510238600738,29.15461824479705,81.49297585800112,0.1756638655988913,33.55064380590581,0,0,1,Far Suitable
31,32,9.235697448468926,34.040439756214255,21.340336823171366,0.0583086182377405,2.01497390849097,8.15104668982393,0.1332498700985966,0.1050380152677707,5.163240084237661,8.39029611916105,0.6503816545602715,3.262002925422006,26.834917353118,30.89339921289247,0.4353680661991827,31.79316891561352,0,0,1,Far Suitable
36,27,7.798442224189699,27.13486895867083,4.551937904450972,0.0212443528832985,0.9678204158544652,7.842708141790852,0.050158464446634,0.3386522129428564,3.414054939387686,8.381348890025656,0.4491599033757349,2.418176825057313,29.76042977023569,57.887251361460734,0.2993498063172082,39.92818338805304,0,0,1,Far Suitable
24,25,6.142433733773854,36.751325956082376,3.551644876382844,0.0261223457278014,0.6496052253883926,8.1096808828047,0.1272410999627284,0.1237235579204387,2.5793785028854783,8.291055741869481,1.237957396499232,3.799076173925753,29.269058835307668,60.02842461812157,0.3078753843274011,38.8944463626648,0,0,1,Far Suitable
33,34,9.88726058995184,35.47537016505113,11.272101696596197,0.0174488234031991,0.4642852781530842,7.98290290155376,0.1261275456350412,0.2221303596133065,4.362085040687791,7.701822472093002,1.262170498177976,1.8222869013936265,28.103147553588183,11.867398636634103,0.1928949299180729,33.9343670714774,0,0,1,Far Suitable
25,33,6.977171339964572,37.49809904927233,3.159986486942857,0.0104757584010278,2.673580903182214,8.066313594684342,0.0973172651630956,0.1852229402932024,4.197890010370408,8.05014044821608,2.132811998276549,2.140071637038273,25.934283031287613,81.20437183810614,0.4753501486504141,35.9269783292874,0,0,1,Far Suitable
38,26,5.441008518949354,31.9901085888506,11.295621200115676,0.0105436649507778,1.523349873677324,8.058996128486271,0.0766245699394003,0.3646612801869003,7.362829117294392,5.52244304014453,1.330654987175906,2.103776589650585,27.43220425405016,16.027638951121666,0.2326577438217332,17.496957830051247,1,0,1,Far Suitable
36,30,8.03438670788465,30.283761927648708,23.88571162549092,0.0444464407245068,0.319046480555032,8.290539197726758,0.0997202403556553,0.4997985401674887,9.919844919913446,8.85181581430132,0.1452708045474148,2.684285592774536,29.399274948507603,88.07619184314284,0.2995679823108321,24.03986171616622,0,0,1,Far Suitable
24,26,5.757921464349399,14.153064799881829,14.237442611581256,0.079054118110021,1.8918132977949065,8.305769995883464,0.0919938685348238,0.2052278855334164,7.27973022241528,7.53934462391687,1.0230624189166737,1.809151767490152,25.300279076955,45.26374359006379,0.2716170262840806,29.820794049482515,0,0,1,Far Suitable
29,23,9.900544962068835,21.37382975126941,11.097838243385956,0.0670355567266561,2.6350898722979985,7.821104778918958,0.1169257092579648,0.1594690254784728,3.153085311915161,8.602903240495934,0.981312543220158,4.076374692785933,27.74142369167672,90.88664905773804,0.1178048892503662,37.53545716927712,0,0,1,Far Suitable
21,23,6.234537133337928,24.07855681977371,15.716373348096846,0.0574001476670168,2.004764170156502,8.252166078886793,0.1042926389099784,0.1278035085794345,4.749178467563188,8.839099927065273,0.5456554880194999,2.508141987172715,30.85473742200414,72.41154211568507,0.4382226028990962,41.74603527987895,0,0,1,Far Suitable
30,24,8.386936607593585,38.47602079542674,9.634218124749571,0.0162696217021417,1.85136928662046,7.917065292014526,0.0778465290915346,0.4170709951178507,2.008178396755584,8.305452739425858,1.4370420049346229,3.5903301770839136,26.00689871763501,28.129611693012965,0.411790105960394,40.248152904419634,0,0,1,Far Suitable
34,18,9.153442552600383,20.87293967847487,12.419366026767564,0.0289799577366411,0.3745748724639056,8.075189938848645,0.1136218828669344,0.2132067863535078,4.272483696637722,6.110186637192097,1.4569553326420783,2.014777180354048,29.47050632024188,54.35425683095373,0.3088367499456143,32.28064727378445,0,0,1,Far Suitable
35,32,7.914922130823012,37.75141526029044,7.074315709391867,0.0105174331011005,1.8417592246428287,7.856394557649961,0.1411872484845007,0.1290188051946607,4.317900804231114,7.592463377138781,1.723299629494943,1.2623634586585486,28.724094350643544,90.49020478826766,0.0865208299039086,36.07432816870002,0,0,1,Far Suitable
37,28,6.502446928002161,32.43383049278117,17.91946315692914,0.0312298057583169,2.6612598534784646,8.166575699659353,0.1258888850140446,0.2792912058104356,2.163936375023796,6.277026820991587,2.412511935616421,1.258801322015954,25.43079852836928,43.933272236582745,0.2981739261233494,37.31074808340533,0,0,1,Far Suitable
38,25,8.962606959814597,22.41482395962388,19.7184730985222,0.0351062954118521,1.5115780402217152,8.340868097723028,0.1138726182249219,0.2830582464134161,6.161701510054634,6.117272516253125,2.3662344229088514,2.287565370135856,31.951130754486183,81.04671571054507,0.1731214146315711,24.34242496655775,0,0,1,Far Suitable
25,19,9.262788909507767,23.587332108028324,22.444856692698945,0.0622622243250942,0.8580522180251451,8.299803729120653,0.1111357013098382,0.2129588440423308,2.8260704754886605,7.5801253382078,1.04745672344311,1.2079737256452012,31.45627904754653,64.9876282116293,0.2670265921758677,46.46755584549224,0,0,1,Far Suitable
20,31,8.554423583411594,38.462331854491325,18.010100846207454,0.010881748089025,2.8451358610571824,8.218904316428944,0.1464054130131489,0.4341225843433801,2.4167032554172074,8.394289638328186,2.294406142500498,2.2014528942844547,25.25016986209227,91.89367290794948,0.41005954061752,42.47288094840161,0,0,1,Far Suitable
21,19,6.767303702733912,23.607369997685023,10.47923689140478,0.0795060426048035,1.686482673663482,8.149541345528887,0.1407815857777404,0.2263182578033004,3.666886312598858,7.161176970689466,2.0655054336517464,2.5479962370172355,28.60542242030509,57.39000011810669,0.0926635041807194,36.74974385507065,0,0,1,Far Suitable
20,28,7.564512080735987,32.2169416977853,3.9362998961180335,0.0696253237062379,0.4259192036454249,7.94977482264635,0.0535582145793462,0.1425472665540975,6.8522069364042695,8.556742799363505,0.1734791935491039,1.445182651028266,31.905827357147487,10.645699451540846,0.1960748219289888,35.61420829874496,0,0,1,Far Suitable
39,29,6.5122373914469,11.995828246325658,3.2128276511207345,0.0472035472397274,0.5746594248162108,8.33025720927482,0.1434253299096361,0.3013055603603257,6.268840808978476,8.772937133387876,1.7871637716845916,2.990080041813783,26.67608065380276,92.7349490064459,0.1140375275768503,33.03309652782247,0,0,1,Far Suitable
34,28,7.457090887642783,16.923839617795952,21.581505055074008,0.0420574250142674,0.9031683925613686,8.359997651469808,0.0586424632447237,0.3550656184594363,3.1293282655762376,7.891660211691741,1.0379393304344242,4.778241481068591,26.30794313617301,58.629418051784974,0.0465658194953604,31.201037513744083,0,0,1,Far Suitable
34,30,7.612220727027322,37.47016696784949,11.255708064576144,0.0377752527790209,0.290814831606193,8.315245437907985,0.1299238094203458,0.2184255362850343,2.2046318655613453,7.757895597627056,1.597069927309051,2.776690339071242,27.48823148178952,73.50431872279074,0.312551471152715,39.15694207388624,0,0,1,Far Suitable
33,28,7.813558495111696,28.48943476698689,22.85262837921788,0.040184733940503,2.147357271547373,8.216029140368914,0.1398616540943471,0.3841698865547119,8.37366934034058,8.872632664910064,2.1291484316747646,3.646258272693622,26.64862059454075,42.19093821751968,0.4764641349286675,25.557015106180383,0,0,1,Far Suitable
33,33,7.206118568276633,17.388580564315948,13.547285693100251,0.0498508553894356,0.7908073628792868,7.902155491275262,0.1441135584850447,0.1677327429627766,6.801123865707415,8.195493244736099,0.3724950066901101,3.7543328239152927,26.71107612180185,77.64677142105407,0.1622450671717794,23.37555779099204,0,0,1,Far Suitable
33,21,6.811340435492956,25.04727099753845,5.6541276698483145,0.0462795804482097,2.6848104132587216,8.162151472594923,0.0833087131338477,0.3335559293488194,6.075861902751316,8.860562802950744,0.9674778573306086,2.6173202373901687,29.74014013530731,27.43919154021032,0.3287368414973968,38.01290103956132,0,0,1,Far Suitable
33,19,8.010584926773898,36.537498787635634,21.432487594960776,0.0411239360539733,1.862288359047352,8.103810331968488,0.1054128716210456,0.1380185834646742,3.721765162131031,8.990192886724964,1.0019299816188545,1.980615784418974,27.31491951879518,31.13562443820268,0.2407688576716047,48.13518091524556,0,0,1,Far Suitable
34,21,9.032946711631386,16.016589335357995,10.933262081302717,0.0414487710925945,2.539211195922724,7.9657433649738865,0.1426988474817795,0.4921657440931227,6.254588086486441,7.056347499517095,2.0359936632158258,1.1293811516755905,25.3853357409595,63.0413718854936,0.2357425039955881,32.378633420352834,0,0,1,Far Suitable
32,33,7.382416918891463,16.48681027383339,13.634393765737848,0.0307511421420907,0.2043006930188971,8.27543446521529,0.1165120178113615,0.3181826781569968,2.497006165760766,8.518722818599176,2.145685734523103,3.587713364392988,26.97442175619191,89.74457561710683,0.0407968323463391,37.80220070509306,0,0,1,Far Suitable
34,33,6.492174561809383,33.27734598421918,4.930927174994934,0.0412319306468887,1.1117242081553422,8.136886766242005,0.1468207927703366,0.3350049917707116,2.53758056601899,7.011134843087887,0.3322672665527116,2.281799721499045,31.9306107194294,80.81128907763879,0.0441217948277796,34.03990226932344,0,0,1,Far Suitable
24,27,6.201911943497419,13.838107735353496,5.60070160689547,0.0487785641054056,2.77718926408712,7.911560184524631,0.1422930078100606,0.1246567533747294,4.025217003916939,7.484800578416729,1.2693685310477143,1.794946655480627,27.257480528496856,88.03284388990156,0.2809060028276279,36.47061311965996,0,0,1,Far Suitable
26,19,6.280237825524772,23.06180938527207,3.705254126785813,0.0418552944864269,2.6349164422749083,8.09630951742486,0.0952088510338972,0.1567732843037594,3.337059338508702,8.724524702275396,0.8842589479483449,1.7773285730950423,26.262068224877464,42.07370646639209,0.115026540878058,48.46965305348377,0,0,1,Far Suitable
36,28,8.670148812946533,19.18154390568364,5.510509778548451,0.0311260039102808,1.9286124896366663,8.00263148673733,0.0913967698484054,0.1971873833818282,4.578379787223268,6.512606453169845,2.3705775213051123,1.4967497726378274,26.54577441114472,57.52304945234444,0.1372109083502209,31.17539848000304,0,0,1,Far Suitable
23,27,5.1527472854669,22.48654176536048,9.715023879943832,0.0407054312905189,1.6575420212113,8.27035715307168,0.0856476670847787,0.1869790536030801,3.791249615307844,8.74318736358181,1.9365796465561471,4.895207413131995,31.568360418350213,36.10456410661976,0.2287581833799142,33.82740979103389,0,0,1,Far Suitable
37,27,9.098989024923638,12.244636155849191,19.555116166804066,0.0664741498754137,2.0608562670149912,8.358654174304808,0.0607792247365541,0.2138441058240708,3.012497092054073,7.850168036531988,0.8904620941496763,3.683755623050824,28.283720824660428,91.38793347885462,0.2093985968953599,35.83431630172021,0,0,1,Far Suitable
21,24,8.966970071526738,14.980654709285822,9.160823643352412,0.070632859620832,0.3320529822972701,8.30757915365912,0.0891675596535549,0.1689561873342863,7.71256940913868,7.306063161954551,1.040347002347453,1.238558338515086,28.25916853386547,34.17683964572286,0.4713845090058133,30.48761512589108,0,0,1,Far Suitable
34,18,9.952730163850669,13.432945558370758,11.167786844536543,0.0449430515653331,1.1424474033764365,8.056503422228019,0.1121914421283878,0.2429932413967531,8.940458299564309,8.855371406375438,0.7836842220138718,2.270922186470559,29.910944783426626,98.597443076296,0.4613620974199982,32.7550757405777,0,0,1,Far Suitable
24,32,5.345147704439248,20.967871030119003,3.88655240261392,0.044197972650818,1.5490813678204225,7.917447617728899,0.0785361385997854,0.3682812296583575,2.0253943854760257,7.581323251318087,1.657530668313011,2.561693304775567,26.605883938642243,59.19845952730573,0.4871193218044501,37.00810587935661,0,0,1,Far Suitable
39,27,9.685455142293977,19.0743708750378,6.965143490270304,0.0566854792290052,2.1722308036701534,8.298460433156857,0.1234108581230902,0.1285291957651257,6.736985890808148,7.974357626084904,0.2435065393062253,2.0507905275876066,27.343993502033484,99.26182630411896,0.2028619886840631,32.34885524659249,0,0,1,Far Suitable
20,21,5.522020648740408,12.294398664979392,2.40905191904872,0.0619609129713761,1.605162911377812,8.249043806643023,0.1094832713887504,0.1637561062995684,4.488965446077179,6.849020971376402,0.9591825242679612,3.646882689570914,30.92606893119531,69.91917794308372,0.4928252287896222,29.129518585158607,0,0,1,Far Suitable
25,24,8.615747432323147,18.14097890617032,18.93550402215228,0.0321020381738826,2.1194510543457885,8.07538183083921,0.131585525574569,0.2575950030852221,7.270288941447303,7.451202288544524,2.417941017122222,3.8691627258822825,28.678083991066668,95.00362975841044,0.2680952580721566,22.09049539683707,0,0,1,Far Suitable
28,18,6.530686704397966,28.516564176337024,10.218974188842491,0.0729588765517127,2.2757883054681383,7.863159097488255,0.1469361244995776,0.1392021659483767,5.055867757522427,7.265246486076418,2.227319223512969,2.3923043116041427,28.95606613274102,25.172380314785748,0.2666379786900797,33.8686682962022,0,0,1,Far Suitable
22,22,7.745651681385864,14.679425910967996,9.447935406594423,0.0193473963212524,1.0201380529501254,8.143609689514014,0.1459626153789731,0.3815768329687848,6.348751747721356,7.848218134764909,1.3113363123679564,1.446133361406706,31.38539930347341,45.49067137848907,0.0659022921151577,35.62211355967256,0,0,1,Far Suitable
38,32,8.16044914753121,24.35488348767885,11.317864330902276,0.0370687514991223,1.5027701139330685,8.10034853366898,0.0857469645501741,0.2351782284181163,5.743882928831535,8.367888474829183,1.623540428573451,3.816619003155495,31.778518470567857,79.00052368025385,0.0737034080640572,27.92478072689994,0,0,1,Far Suitable
27,34,7.885203322309554,33.41668080661641,17.60733900079724,0.0674799697304243,0.9543496655273224,8.313353336445338,0.0565894018211919,0.223992054574188,3.018340264760627,6.855337371800209,0.4325990216512,3.91344521094689,29.593015297915507,94.49163187775716,0.3501126907930277,27.0628187297483,0,0,1,Far Suitable
23,29,5.030443741199195,19.350694855451245,20.55190169668598,0.0417748295495257,0.1750986037235069,7.95313946060657,0.1492830825444697,0.1993874097666968,2.5844142144852844,7.098342316294097,0.9771566982560532,1.2106230378043197,28.995146742832983,79.67411132474494,0.365582285409374,39.455829010093474,0,0,1,Far Suitable
30,33,5.564658213430056,23.252394749131213,2.530471294481928,0.070074475368392,0.9213353430480354,8.144176714765745,0.0756991735310947,0.4145171570385112,6.559862552362529,6.267542208689083,0.9521271713036856,1.1344386492600251,27.812011437797715,81.83819205831945,0.2604913042295601,23.798762896661295,0,0,1,Far Suitable
34,31,9.317003834285009,26.41712561261929,2.02602367235891,0.0152472030429009,0.4383984478141094,8.299343464025066,0.098782283738188,0.2756842043727499,6.351491298322146,7.375487223132229,0.9269611855791952,1.921258701559382,29.758628496713925,26.562687821421587,0.4607680185728835,29.038623600993265,0,0,1,Far Suitable
38,20,5.761647947322677,15.977378632249422,7.86476154626631,0.0343447682134221,2.267787614689183,7.856435892137153,0.1452642130800861,0.2245501768653284,4.012364425063558,8.233529724957798,2.012637925186944,2.5836446030507343,27.70739164417177,76.09645760544875,0.4984393382747653,39.84598643042419,0,0,1,Far Suitable
23,26,7.744902247208209,38.21257621902241,16.342011814957445,0.0459958907886184,2.926832545919198,8.047257941224869,0.1499316268189712,0.24097437661063,4.172358149347513,8.61733139013016,0.5691427335156394,3.622263603827893,28.03223934283121,96.37202972026124,0.0858575078924447,35.86554662646544,0,0,1,Far Suitable
39,28,5.168345891069364,25.682804246856094,28.087543263072725,0.0278565402982665,0.2740237585081342,8.359521651481334,0.0828801804578453,0.1630814485037967,7.222506934513944,8.791749385518607,0.3861746607032444,1.3986432993980515,26.176682134366267,53.404881353792085,0.3649481934812354,37.435907011706085,0,0,1,Far Suitable
25,31,9.107159958212966,13.696977271489745,6.252812825425647,0.067752472339996,1.369174277707046,8.093537940122769,0.1304641697334677,0.2684543424969998,5.817280371292652,7.040276755802832,0.3084794183400388,2.435739041012193,31.1543072125658,98.53226725754588,0.0573881459671828,25.912381290946826,0,0,1,Far Suitable
23,22,7.631392301691013,25.415522037297936,7.108825138269721,0.0648989909514701,0.9322617184674754,8.294775811680536,0.1297542478986659,0.2820061753857791,3.799600351016271,8.452217572463796,1.64793283305287,1.638571471260732,31.015174054629405,16.816568076681286,0.4277362733426642,45.28664266146214,0,0,1,Far Suitable
37,18,5.59976846511945,25.38691166556428,6.122358083494476,0.0739713403225257,1.5003477489359465,8.398549555767584,0.1155453456493564,0.3831448413816817,5.96444552300744,8.246854390883335,1.914113675195218,1.624709321763949,29.739240254411023,65.37047490691037,0.2657807105745066,40.35167988174047,0,0,1,Far Suitable
29,23,9.583958453511675,36.088182474243325,7.784268454209863,0.0786731403578126,1.2319447598585085,8.33216526652972,0.0508669089845131,0.1613184642061549,2.1429882466905266,8.035648995548119,1.536124058747484,1.4212502363592354,29.604758619108868,48.28736443964466,0.3078808286477911,48.58930737344061,0,0,1,Far Suitable
25,19,7.334839999818054,21.135085480585943,24.063163740546084,0.0708546610694643,0.3515710429540065,7.977493631149118,0.0829305312864599,0.2870175398775063,9.126855716221108,8.422044701546032,0.6051283992934913,2.1930286255059386,25.061758122512387,74.57262483397703,0.2394696888155307,29.561748590443923,0,0,1,Far Suitable
22,29,6.701853731528813,33.56929310587382,27.290946942663656,0.0615778519026052,1.8557890073854928,8.33292551592849,0.0923540577241508,0.2616880175572865,4.051244744066271,8.324158108428513,0.3914348017952866,3.984761933269217,28.40000765577205,69.17260016724633,0.2127858848403618,33.3238033232177,0,0,1,Far Suitable
37,20,9.133573299655092,20.124409770246945,18.799100031309848,0.0756363022431614,2.0220786249566243,8.183126236441149,0.148113119571155,0.382547508740123,5.177658434455178,8.71521607999116,1.6138679112266112,4.306223187144392,25.144000252813868,58.43036129450694,0.1147792752768939,33.67724328658888,0,0,1,Far Suitable
31,22,9.53599910780311,10.757120375447926,23.9823424027132,0.0277981412692251,1.6210516652350315,8.205833626832947,0.1344521531313655,0.2115023197874516,2.051960127994052,8.276520886244004,1.9643636434746328,1.5635985522925044,29.11289481390115,34.62258410329336,0.3920276208165038,49.25726414123408,0,0,1,Far Suitable
20,33,6.886568307031618,25.65859010435692,4.730215388988507,0.0604507578418675,2.3247950835022766,8.008372599691604,0.1136428743752849,0.2548269253565173,2.1902136184150898,7.407405290471217,1.3169961437459303,4.494836701569943,28.10631564446235,85.78070306547482,0.1814062868567252,29.006313305362045,0,0,1,Far Suitable
28,34,5.211458746113406,28.008443815841108,20.74199555874096,0.0468935109544794,1.102405113071392,8.043665988301536,0.0759610625233211,0.1934167207705473,2.4446293835834823,6.8562811417249465,1.83794558843841,1.1933556167123718,25.316174295482345,66.23261719599344,0.4329033181642105,37.2461035273699,0,0,1,Far Suitable
37,18,8.380541157072056,28.29824675788155,28.42007603298496,0.0467811588453525,1.2805226601990427,8.134204083787877,0.138710651251867,0.4212224871564716,8.116949872108947,8.343937796373899,2.172606028352796,1.8876624908532105,26.71607120686072,46.442230252375296,0.4314721823714785,33.31433010064641,0,0,1,Far Suitable
27,18,8.171698698556021,10.193056344903871,24.49085733061457,0.0478953846877292,2.122598701676488,8.013464450520397,0.1046625645943246,0.1373871747617774,4.050345298356861,8.542095355012789,0.5592817595346806,2.97104169599636,27.627766544558213,28.40593335003593,0.2434760961064238,41.6331617291881,0,0,1,Far Suitable
33,33,9.997331241078154,33.17548858238212,29.62376719520349,0.02988408723283,0.3624393021780135,7.927736552795996,0.1053490270198824,0.3031400572549925,6.228318882850303,8.546346404241374,0.2509097293142251,2.525347907660672,31.17566573253968,47.41741472789493,0.3138536706879171,30.82928493963199,0,0,1,Far Suitable
34,31,9.329100826111777,25.38766494324297,19.499432954528984,0.0282282176151535,0.6497109747571274,8.090113240418983,0.1088586097349254,0.4948671358520817,5.670455634152285,7.713440359131608,0.8096353509340097,2.997062698595001,29.48435084340382,67.611827385183,0.0960654779440445,27.251820304898903,0,0,1,Far Suitable
21,26,5.014406258328073,24.27063454032876,8.095950363388242,0.0582591993709927,1.2853569121447308,8.141568829770314,0.0999549162267582,0.2914334929731094,9.157993767806383,8.804584925621654,0.2772563384447239,2.1367120015610497,27.42475497635076,85.33895516100121,0.2556722479395547,29.344486995913176,0,0,1,Far Suitable
26,32,8.981202977814272,28.78967054968585,24.205764794378364,0.052157941166408,1.2253695753567753,7.979407607765608,0.1398815374806346,0.2436647297121675,6.099797632956136,8.655185037706516,1.3617636874286203,1.0624297466210435,26.90391126088367,74.55775711001574,0.3135165614279278,37.36702698577027,0,0,1,Far Suitable
39,32,9.654036486582449,39.89194881037166,13.262264575719149,0.0562271776677077,2.8046551120197942,8.235898047802454,0.0671700836550309,0.264797595796869,4.072313680964117,7.783209259303121,2.60066772922496,2.0176819647821373,26.41833173387695,22.98279421700297,0.2033401322469869,36.01380506406016,0,0,1,Far Suitable
34,34,5.628621344961131,33.8802220728185,15.126116654190144,0.0666436362559718,1.244198274915982,8.30146984251276,0.1153764503093236,0.331566613037087,2.558056098496081,8.804448803905066,0.5619916985306141,1.2890966801647994,31.428119194068408,66.00622382538774,0.3980183898806311,46.61798153552788,0,0,1,Far Suitable
23,27,7.340770706505152,33.20143143346749,5.898911648635067,0.0113417521267484,0.2207676647859429,8.384582977866287,0.1045902559266807,0.3598129724261559,2.5884038318102336,8.9689943166223,1.2020213562981803,4.70424825807057,29.38582425223388,68.56960508034493,0.3947557788113594,38.69155976693037,0,0,1,Far Suitable
24,32,5.499334105680891,27.0539469552382,21.46524905388184,0.0534858571336117,2.6397113626915503,7.903467833384315,0.1498899287046172,0.3886594177006943,2.1189517947641576,8.54794827809328,0.4713599016409533,3.789891327903201,25.29365106043035,28.11278448144169,0.2802779537952507,36.89241331115026,0,0,1,Far Suitable
20,19,6.2094444177707295,16.32344348064065,26.177569034335228,0.0438502209992707,0.1511709645179569,8.133315040837632,0.1381674510286872,0.4657761479016189,3.144485457637661,7.994337388014131,2.674356772081698,3.136993691691301,27.152147164729463,24.62054750601984,0.3622213314000284,39.59986225451989,0,0,1,Far Suitable
32,20,9.191326797728523,35.6948020828772,29.372518889661208,0.0744800716126589,1.635760774066757,8.099545744514865,0.1186574292074784,0.4849400533753112,2.8320996342806426,8.251619323011196,1.1838849192265644,2.1398730629489826,31.52912589294253,51.7776060179468,0.2035306095290709,44.55124073819961,0,0,1,Far Suitable
23,27,9.744229779155653,37.82065541758892,29.873276265710803,0.0255597936647009,0.96244066297977,7.901637899778947,0.1148527026824202,0.2650679776014165,3.8087935490135374,8.024286440887046,1.8916643113007787,1.0025578434421396,25.340392301446943,24.433611859467383,0.4211166655483029,42.24676839895969,0,0,1,Far Suitable
39,18,8.68100212530381,19.54148717652756,8.202483619166962,0.062760412359349,0.7025923476437861,8.23139445411194,0.1106202253610331,0.1040284539329132,4.468531980711336,6.787663151427774,0.720600143364733,2.946266734431753,30.50788794159917,65.3162304411474,0.190986434599703,32.63789167992639,0,0,1,Far Suitable
34,31,8.624282496575084,18.484033920114992,6.80469827782532,0.0345544336107218,0.9222892316379782,8.329482116965881,0.0511897832245155,0.2276299889282905,3.797110211432873,8.45906796836879,1.7236698527675385,4.978988205449854,30.908983220178325,68.81879320358806,0.1250807595693142,30.733824731505344,0,0,1,Far Suitable
38,23,6.336263148967976,29.112841024733275,3.767637457823061,0.0101626384292351,1.2092049356895236,7.958789702999256,0.0915679295162868,0.2603380942613916,3.066816054028908,8.88075089722509,0.9239940061956556,2.5566418507437825,31.452975716501367,11.074446995876423,0.1515822748027783,44.98319205425592,0,0,1,Far Suitable
23,19,5.657591334581889,29.60150495436042,15.272175446556462,0.0734296275289235,0.172092596155803,7.859991148490266,0.0849850236090854,0.1798741704672717,2.178932275955434,6.872449561819707,0.4152560409216383,1.291934958455078,29.010206208259344,72.77696997472674,0.1110517873407761,42.92390456196867,0,0,1,Far Suitable
30,25,9.285647799281412,15.769296881008824,14.635465194047203,0.0138811664992688,0.1113509066326328,7.820127522847295,0.1127506154201766,0.3025478950608836,2.398463020667375,8.937869492370464,2.280972168506068,4.460676632573035,29.090459918874792,16.554945609098986,0.2429447122133026,38.83818680743491,0,0,1,Far Suitable
34,23,8.695132788939794,30.343414928626263,5.846128887122879,0.0256160434170282,1.5447762867288877,7.996013413519049,0.100608309574051,0.1871617879261539,4.53397746605948,5.063573572560014,1.0179316355741124,1.004514490107931,29.45165161317692,30.94373803499844,0.3677053844995431,27.765948418046065,0,0,1,Far Suitable
30,19,8.209299794276777,20.406579290931568,3.289765783095368,0.0578782590940599,0.7329922764663319,7.967681664737789,0.1332931648392915,0.2687019921136784,3.090016112451055,7.244211358095516,1.3661822303850064,2.2441812790052222,28.72977402918827,81.37996075253987,0.3279086266377121,39.08442836430186,0,0,1,Far Suitable
31,22,7.853248119404674,23.069343713695297,28.063074099723195,0.0233159551574096,0.4783090888364922,8.149119159902824,0.1242721497186417,0.1587206527015985,9.183067022115855,6.535756892149036,0.368021191314218,2.245981698910408,29.373761994654064,63.62952739021089,0.1687090536078151,19.639991012448647,0,0,1,Far Suitable
34,32,8.377900459751299,35.486026464637035,9.2688919438374,0.0334977680449989,1.4589452493523785,8.183865120942254,0.1400666084108628,0.3516454479648476,4.926172151704176,8.07229594324248,0.3417949324060221,4.596094908853466,30.55143204632484,93.80770121842258,0.3491167950350228,25.607411327325163,0,0,1,Far Suitable
30,26,9.148815601438224,39.75088220117355,12.539618950579433,0.0460348964453194,2.6718386182116607,8.044429367471484,0.1182727297795311,0.1530575497815862,4.632619335120256,8.013038154383274,1.8777404870507184,1.57143371546597,31.876765375359383,73.63304992304529,0.1847219946486075,39.19296075135705,0,0,1,Far Suitable
35,24,5.761638928313394,23.584411426327502,4.951348006772674,0.0416656731444599,1.7677042153477032,8.357001463203373,0.1332191152307557,0.1651666372006476,8.81006278959686,8.89574162395278,1.5713598689880062,3.042677609746269,26.92043170308749,87.13757600328074,0.0998137481441165,29.418427232958084,0,0,1,Far Suitable
24,33,8.550677158990329,14.946543296954154,16.363421794985406,0.0688013182344488,0.1501353298137533,8.052932548930821,0.116571543525714,0.3218796706333263,7.850831774219024,8.288556836400412,0.4504373088684815,1.8766462149518608,26.06995212765354,77.99155417884215,0.2435375189288672,27.766481500958275,0,0,1,Far Suitable
38,34,7.911043798841156,37.396980412643686,22.237968817402592,0.0356129509032465,1.3082445084998766,8.031097576663525,0.1010247099803145,0.2254300528256123,3.1625316506930083,7.795544340468272,2.0863165698997967,2.000817948254168,29.013006603249583,44.50164708387002,0.1669233478813887,37.06800330668235,0,0,1,Far Suitable
33,22,9.951044467938107,15.681802536545383,8.491556168012341,0.0260575451508067,0.5495251355085883,8.004941779766565,0.1477425041689421,0.4354818098135439,8.388327322256696,8.616674198190907,2.8949480284009628,1.825167260289454,26.057244947478484,52.74355177255463,0.2357665861472422,32.152564882659725,0,0,1,Far Suitable
33,22,7.806467714742014,18.191218579834203,22.832800249734948,0.0220538235596543,1.381532750438885,8.147900542968655,0.0926115278830779,0.2581426043445533,5.936625492285168,8.716544934887073,0.342068639170074,1.5950817129364707,25.71994280443264,95.42654960254914,0.3987259039538804,41.07970354488732,0,0,1,Far Suitable
28,27,7.636325904576283,35.68397497041231,4.272598284984007,0.0258394133900664,2.999279533944229,8.352851600925797,0.1431564980007918,0.4724077103518818,6.123979807815924,8.547282669374088,0.1563619500286757,1.5228812758003856,30.894760354904925,29.9321724728683,0.4396912933860492,37.8752659830522,0,0,1,Far Suitable
29,24,9.532104819572185,20.70306134869817,14.661669414899084,0.0192264780927675,2.202300472806896,7.877174436263515,0.1207880695236535,0.43656657441014,4.091943229820955,7.860885904232804,0.4210464975388815,2.3029480898017307,29.15440203777669,17.763952695678682,0.4051441702692075,36.74795870693129,0,0,1,Far Suitable
39,30,9.736976247932231,13.211715356625582,26.568659544888728,0.0699967857726941,0.6052109577070338,8.111638611170081,0.1332094736083114,0.3300833172251204,4.278969654683812,7.332401138523199,2.207774058761486,2.272827183984349,27.109788641920275,96.64632202575312,0.2497830314497167,32.201734350100274,0,0,1,Far Suitable
25,30,8.624905849620262,31.891357194922666,20.804456802289927,0.0413842529367243,0.6091813551403872,8.201810383477964,0.0713363068032971,0.1990024514279216,2.244843970695234,8.470576131647999,2.045848789681603,4.81935683870624,25.985734526936564,98.71962986777967,0.1289711496185594,35.32310339472987,0,0,1,Far Suitable
