Salinity (psu),Temperature (°C),Initial Polyps,End Polyps,Net Increase,Ammonia Nitrogen (mg/L),Oxygen Consumption,pH,Phosphate (mg/L),Nitrate (mg/L),Turbidity (NTU),Dissolved Oxygen (mg/L),Chlorophyll-a concentration (mg/m³),Biological Oxygen Demand (BOD) (mg/L),Sea Surface Temperature (SST) (°C),Total Suspended Solids (TSS) (mg/L),Water Current Speed (m/s),Quality_Index,Suitability,Predicted_Suitability
39,19,6.329255683271567,30.699992119268305,26.16779505660069,0.0126388407440396,0.3270748443907167,8.079123259873002,0.1059475259456346,0.2670556023474811,7.120243106813443,5.180238327678902,2.838345414972389,3.0561711587128166,28.464597793313786,54.78808069417074,0.445215170665598,16.131966999094114,1,1
30,34,6.217389842024336,19.05750100232505,5.838504826205182,0.0379049745949144,1.9099289181323975,8.135877433307858,0.1027834037561274,0.1280472182987958,8.56397155726284,7.583161431180292,2.020301735738361,4.898759681809853,31.026090864882704,55.68042241994734,0.229723941904837,12.462239938084515,1,1
21,25,5.665725020890485,32.825630335434866,8.101443831056377,0.0185315651246968,1.015591276334417,7.829918745896507,0.0798547925982164,0.1148207974773971,3.481660093151148,5.008736378022229,0.5386056806262014,4.282245647196391,26.79716442242968,46.89198893516247,0.3617780568441417,17.6965961175466,1,1
37,24,5.528467399531371,38.590600635366975,8.335707022864796,0.068799843242304,1.2997474925390882,7.999773968622851,0.0763605439806881,0.4858491422468072,8.103991181695537,6.7330029707830015,2.554201718541913,4.907725667189261,30.86096891589341,50.90571010634333,0.2787519763759441,11.788522125511374,1,1
25,31,9.1526722820242,16.96119486703318,16.66042158620068,0.0408049752546548,2.727692693173235,7.859858134621705,0.091521375668433,0.3421374511776922,7.291056622759912,6.2849635111543485,0.9705573344864268,3.445965337529373,31.35946407217306,18.82210965246387,0.3688735724700553,13.985344426884689,1,1
33,33,6.303566499599583,11.381702025698692,3.450004884518872,0.0766761752779219,1.872310417312614,8.262137259389924,0.1215267082509244,0.4872083844910514,5.803329896832114,5.427025321977652,2.7376002176906526,2.165756333208511,31.60079132601669,81.48526456264071,0.4322222132353083,17.95497326288815,1,1
35,19,9.799132590379646,15.336643721470704,6.369002717519353,0.0411817050814001,1.1463383029962075,7.940461598982385,0.1354740618591978,0.1546889105493863,9.839888858296874,7.620688572711677,2.4372636082947,4.996037846675471,25.413073291561005,29.03250531752913,0.4087630668574799,14.096360278869419,1,1
22,27,6.943263993149236,11.731087852476966,10.730459834761522,0.0614295999185518,0.1835234235849042,8.247144891703465,0.0631743799631964,0.1033462639936576,8.586779815569123,7.090789058553479,1.3366783063480527,4.884697620559833,27.646989361406455,32.17341998328645,0.3060780724075784,13.29526938179215,1,1
20,34,6.368956537570533,18.2664381765845,20.316484320010755,0.0697048468698206,0.9037186204327436,7.998595168562042,0.1342456986118413,0.1504678360594947,8.319798076558666,5.388658727863862,1.1480095735400733,3.171094008639216,30.09085261014925,71.49732873436193,0.1562115517162415,7.373653835275322,0,1
24,34,9.641587664242884,28.66118687112981,19.338692897500287,0.0181076157565756,1.404063233832788,8.30247053690084,0.0728471575917023,0.1741647271308696,8.521651020525198,5.5293222244803655,1.9155726411842044,4.827187298034523,30.817084423399685,90.2612540334842,0.0302782558928634,3.191203108592415,0,1
20,31,7.720082895913758,10.82557555421246,21.413384304571785,0.0539996480453098,1.0957955897662603,7.864348100097508,0.0635241191246501,0.2763060990701476,9.59669414051668,6.148436443710279,2.3917089801133278,2.3563073935475454,26.1220543167458,55.196302738521474,0.0779923830389016,11.379116313478887,1,1
35,21,8.180353818649126,35.19448486436593,20.150605126698714,0.0543284241126587,0.1553876781258049,8.104901283806377,0.1070991571325978,0.4978236562438959,8.954822783382367,5.418551227710502,1.281261610558018,3.2625287711717146,26.47421744842756,68.11884556236431,0.066477022222758,10.245880537886212,1,1
39,34,5.757846857938368,18.870840221248127,10.89545153132054,0.0598865933290581,2.133318237903295,7.817874302419573,0.0915989607975241,0.4269649821076442,6.596596027784137,5.325710754827743,0.4473241025415663,2.1843784676534845,27.89067027270241,63.67237823974311,0.4437885281168663,13.726475967072298,1,1
23,31,5.468784603227784,27.814074424288464,29.122888956082,0.0235212005885902,0.261611158532855,7.805867628183457,0.1246670964786637,0.4732900245276513,8.578197691783402,6.743361475490904,2.1299705202012604,3.0063145996258247,25.976068290049817,40.975469485103744,0.400712901699494,13.8421161953323,1,1
28,28,9.163402346735216,11.839928669298478,14.145575848504492,0.0339987275363815,0.5333651497030533,8.257708741407887,0.0978644870550524,0.2454232621393191,9.439537281832031,6.979028958343218,1.2658245677874982,4.634442951198421,29.9133763135236,68.6597030937193,0.2501631420549323,10.599001656463358,1,1
26,26,8.747727422344441,31.693848216476624,17.329201716144922,0.0499286643982549,1.430244835435861,8.013756869275776,0.0809559301513073,0.4487464983403779,9.70787422924938,5.641496940666688,2.987089418335932,4.597707288695387,28.655952904022623,36.27369739657661,0.0372163754525595,2.6708111388380757,0,1
28,26,8.781323289457262,10.302718200670745,8.025725432529399,0.0268153603245869,0.2473275100979325,8.026307275070547,0.0587575573416174,0.1590985297751844,6.638574184800597,5.614474214017404,0.3954828734098482,3.677880015674397,25.33547623169217,59.58957550107287,0.1293904598107203,14.827444752340895,1,1
39,20,6.086045488456053,22.47831713745565,7.904814375062068,0.024088465169413,2.579979500417271,8.203396085996184,0.0946769834468252,0.4898713643228465,9.582695198775998,5.2408814577809455,0.2392066776273749,2.503531414659986,27.342601009871508,70.2792012150641,0.2277125200787003,11.32489448815823,1,1
36,22,8.31521002250246,28.28893034970706,24.97195096725256,0.0180434440353337,1.930239380887481,7.859324005597591,0.114357622273982,0.3939931886519582,9.261455561753229,7.572051920739065,0.8043700862118881,4.767841950251493,31.539024905322787,55.82432162886929,0.3133884120847251,14.129408521354122,1,1
21,19,5.834425589274355,18.143157329026007,19.34161671583352,0.0505275724207063,2.89041743933624,8.31030699118624,0.0537552320060045,0.3611970926166871,6.175000882988615,5.040294647972926,0.6127248327457866,4.672445355042246,30.221454836445915,15.911275209185556,0.2127062692321119,12.784607996117494,1,1
24,29,8.514717204893383,21.42069043482597,3.8393792617104574,0.0283225770094137,0.1715428681674127,8.10695436638793,0.0824135173832796,0.3908417796234028,9.852632238116756,6.186869806316164,2.465191106682336,4.164456472805759,26.473379854048613,91.809819493553,0.2519085189349815,5.92524675742435,0,1
21,22,8.010728220262404,18.070589403949317,27.674377349625644,0.0742054414277404,2.988381582392029,7.829609738218452,0.0613135937674023,0.4187791022300899,8.295424847173294,5.224320677054683,2.3378283209908366,2.466834591568976,27.358396856140224,92.13943563105002,0.487018519951049,12.727062153503825,1,1
22,33,8.832942619858217,34.105543253048026,9.40644251168747,0.0371226524675229,0.1913878249384136,8.080885165122442,0.1284723415179358,0.4093896071291072,8.377240846526654,5.13049688562552,2.54865992451798,2.7749531096446574,30.00634309457554,47.97839494959141,0.1099937465345831,7.392123764868304,0,1
26,31,8.429556355249318,14.265113401116867,2.2712327167470967,0.0178990231028535,2.5481390978898366,7.991426357923684,0.1086459512374797,0.1768134609445985,8.293335590999702,6.579150036682856,0.5576982457694158,4.906172425378255,27.52678589553978,58.28061304380097,0.3611494789850514,8.732934804093066,0,1
30,29,8.501259797222605,19.359520609792558,17.854020441073263,0.0663921553139166,2.459759785196193,7.867431629593356,0.0734005287160369,0.3197958294047281,4.694340888656854,5.561989259443207,0.8136874554713162,4.78221337506981,25.188895251079447,32.53593824790762,0.1264873875163442,13.293808218098864,1,1
24,19,8.530095038320123,31.18579548890076,9.262875220809494,0.0196857740621733,1.5576273353016352,7.995421326946621,0.080972922175133,0.3447616339069297,9.62533741416934,6.600939014550619,1.2643971371353455,4.402472834109086,28.852116754051718,59.1449133192908,0.3750855811498293,11.54370127082557,1,1
22,20,9.519566651301872,22.88787830728194,7.410983626556709,0.0757100244761824,0.1416815601555551,7.824168784040388,0.1338971096674068,0.4342886386591486,5.83373005946813,5.5229060662690985,2.1993757464598898,4.599099338237305,30.891243621609533,38.44461656519837,0.1181910288084364,13.624126621011452,1,1
22,29,5.286401255388117,38.84540016949254,9.832887097533987,0.039280377776544,2.864617479382785,8.281321805301515,0.118686649373491,0.3569278603902978,6.66748507768708,5.280949223477924,2.085930717372983,3.1728439485552173,25.216279857999208,53.0256290152557,0.0461178111493994,13.681996270660646,1,1
39,33,6.126118511342449,31.43232290879795,11.295952238657424,0.0316588956409311,2.719253003096078,8.009256748437654,0.1413299711600033,0.3719243566405321,9.58296134895744,7.755823160684679,2.529442402601515,4.329332562534333,26.40996036175962,59.40771714875252,0.2609752936122069,11.782456729442064,1,1
39,32,6.994180148518647,16.801821469898897,26.37774868153773,0.0460973585753951,2.472622185270624,7.895779654064064,0.1059855380034477,0.349976910042958,9.248872645176302,7.385541673612916,1.2770744825537037,4.682216685518891,25.507894628004163,59.21802094763154,0.4739316461199219,9.698412571698817,0,1
35,32,9.265448117018252,15.607433218253847,25.165983535132074,0.067937263634689,0.1908937396907135,7.949235236274375,0.0556483424003482,0.4042719044883864,8.103755109672186,5.368389711162092,0.4343446536624407,3.940735774205295,31.866424097251823,79.26732701122712,0.4299147293111935,5.296653408168984,0,1
35,23,5.432123053812733,36.33953490954504,11.444706716234371,0.0623611253689581,1.610558317497782,8.341525268905773,0.1303263400627128,0.3467267537502301,6.48167522192756,5.773903397657472,0.8663074167554158,4.840824828745893,29.033773065620142,84.72091282607535,0.4179309625781283,13.292105027272306,1,1
27,31,8.662243659190448,17.413946639841758,5.4191224458800615,0.0593034721170026,2.4635444183608297,8.336509295169943,0.1222943424389447,0.2170161713926279,9.72844906212159,5.124246625692134,2.755216757993121,1.98606529763886,28.097995646631965,91.45239376988783,0.0283416689520043,8.807506481242122,0,1
22,30,5.639941042667932,12.517586074642882,20.14694096695545,0.0617120456731151,0.9609974553773246,8.244010680094927,0.0749853796078329,0.4179191019283106,7.9938906448197375,5.202080906689339,2.1457591367741986,4.246735598649787,29.024794391777053,43.38591817681185,0.0619585004540098,5.427685173205845,0,1
20,24,6.967239232817958,30.326228365106022,24.134574287606856,0.0285556899037,2.8929729796036274,8.31525121536551,0.1089156377393788,0.3134085723923935,6.732794583333917,5.286717518701339,2.4390316331781694,3.239835610251266,29.144450154284417,93.21827307032407,0.2899158817988851,15.637164815113515,1,1
25,27,9.897754201908786,33.545854688766404,20.378804062773483,0.0675149098845268,0.3954860865175031,8.17013085357911,0.127655747178522,0.2472342550664857,6.63503781878359,5.373815650675512,1.1925423614597686,4.537671899378551,28.244344118614677,68.12513667252068,0.0900992896720757,10.040008696696574,0,1
27,34,6.691315526661742,33.55806434548045,29.713179575461368,0.043759180005708,2.7183172679532355,7.955639843281112,0.0878206783873078,0.1976934801456314,9.804555706848657,5.062689495554903,0.1874679773698329,2.9023096388738656,25.5426239685509,70.9637812056711,0.0430888117406798,2.8108589987376185,0,1
20,23,9.735179938693616,39.71085345995115,14.44679108540447,0.022221289587303,0.3802576940781271,8.072528651859148,0.1374414554196478,0.1086955352254829,9.489184836104188,5.342516922914142,0.7286152172301601,2.2929812682378867,27.246808849428504,71.46475251627973,0.4369144138518951,12.152692492961647,1,1
38,26,7.089949669352421,23.50349579424433,23.326924533982552,0.0186875157399644,1.2168077566707691,8.317778427885285,0.1033478475906292,0.3536367780319356,8.934112018330751,5.275949233034723,0.7056372076260969,2.824279720416051,25.105616211474864,89.00597354275223,0.1617310844464259,10.46498149055206,1,1
39,19,8.320939572527086,26.4881880559227,4.787302358645704,0.0369887495080919,1.7947481726094263,7.963676335619907,0.1152484728406157,0.4988681005702898,6.096252949531918,5.528573512679442,2.207163261425697,1.5612910998543796,26.39711247060069,76.85242185338619,0.0350780704774226,24.530407792971683,0,1
22,20,8.746418563478882,37.76566623555642,15.782504825107432,0.0195791616610449,0.2607556679295781,8.04238576998185,0.0827771205841218,0.2182553327118545,9.318031210703678,6.489118627239632,0.1502453180915214,3.309637793175269,26.02690403083562,23.574649389492578,0.1868336071222104,15.746375879810735,1,1
20,32,7.724238795422578,26.909799130862865,28.98704850459726,0.0128653761062041,2.9371593422640188,8.354696569664432,0.0709321816047017,0.2458559964055132,9.19885825479356,5.897891477714412,1.9471770922603189,3.026752611233028,26.71057059969395,42.86952596205868,0.3095121926885261,10.371984820368574,1,1
30,25,8.77053840158082,30.161681162567604,6.249711475830857,0.0536463436621908,0.4081711238979479,7.808045672323273,0.062989880453681,0.2064933978071206,9.9229954366309,6.42950561379185,0.2979710109809528,3.1183136660570017,26.92680505111021,55.276348146016,0.1162972582893855,11.684878914848824,1,1
37,33,6.277466723278024,15.222450259342878,2.037695586783784,0.0225719847008067,2.0997908900463664,7.834965180936344,0.1055159729790154,0.3873789125209664,6.185040903249795,5.0530741634435,2.199554369219639,4.9165356700709,27.31148635708302,35.049436344877506,0.2808075827345588,4.559713982296266,0,1
30,30,6.561745509427568,24.941211791706067,24.58921178609553,0.0170393912458411,2.4730714773742077,8.192537986799925,0.1248233716493509,0.4257203934686351,4.420737221312926,5.04418858085111,2.709859071328636,4.909555772832963,31.78956047312964,87.09456518482321,0.0846126359794257,11.417669177025616,1,1
27,23,9.484789652117673,36.70171076395758,23.768753081106794,0.0702559255840846,2.4806657194777006,7.992925099438723,0.1307345621200368,0.3090775096178147,6.854878462407428,5.287785436957762,0.4441502270082318,2.714591363114861,27.589510032130857,99.4078098624311,0.2887049845005457,16.190433827165876,1,1
31,24,7.600952616257772,12.529039438340511,20.839719737679253,0.0342337820676229,1.3437647292446595,8.398940415497233,0.1262992936289694,0.1632369349131395,5.910235105837328,5.184180640179594,0.184043711724931,4.296811646249018,30.788467362768028,46.03426118773584,0.0671086980824414,14.220149093395175,1,1
32,28,9.485931704823097,39.88786859574631,24.567409224292344,0.0382969149474927,0.4583428134645708,8.11682846940228,0.0697473583685683,0.273120624490527,7.401515324092991,5.096447357305591,1.369085323341215,4.208712398097889,29.490130139282968,52.71811509482996,0.3913502149489516,7.4815740955789,0,1
28,25,6.598334162202724,37.33504855540237,23.97355109109966,0.0393395322109438,0.4192139045250658,8.095120693150324,0.1179158345743556,0.2712454278988967,7.464146547953288,6.473081301780484,2.488007343749763,3.7693446596388935,28.1695064568674,20.047301845379074,0.0169023419598062,16.691448324842444,1,1
21,23,6.615055991931069,27.84409644033369,19.205601770325675,0.0144715837201632,2.2098556389674138,7.84187969093685,0.0762304931384439,0.3339970934423287,8.698641231464329,7.574217867825677,1.779876705768078,4.467147545959031,28.21188937721948,95.58203393330488,0.2730378229653641,16.527535779121408,1,1
27,27,9.898912289272609,19.99104615416195,9.101795554393073,0.0254223369035377,1.805565589856779,7.903409528486978,0.053232326532609,0.4756436882930756,7.16771409999329,7.033388699629373,0.7000183950676266,4.699529773070769,28.45745851814682,74.06117559086053,0.1115189212282754,15.216582493039216,1,1
35,34,6.895135631095487,17.60071510178984,21.16953343941905,0.0586442865847055,2.128215748863365,7.918469290254679,0.1115726053445172,0.2900315920200975,8.619073548858864,6.023939815163114,0.2032551568978754,2.413477838167004,26.0603790165772,46.32719736272541,0.1600180533084043,11.853651343474601,1,1
34,31,5.553742226594791,16.186522152524198,24.776165505079398,0.0124650621467866,2.945183111089178,8.082997909671096,0.0902776134348333,0.3383791803170457,9.320259387768674,5.465611404662983,1.4113297875489137,2.3632670754800684,28.92649072230983,20.78956644263983,0.1801935452082211,9.320703818237236,0,1
36,32,8.79791205057316,33.99156291894583,27.879119688887247,0.062232574698659,2.247097061128957,8.1429766160167,0.0536207261487385,0.1125446275218353,8.942256355142108,5.817821525677587,2.3461959496737057,4.8186644045006695,26.57097655746873,93.0288491967544,0.227809391413959,3.8760652774193574,0,1
24,20,8.25833959353213,37.45771554753469,10.911337158800324,0.0476138347790226,0.3762219085213215,8.175658861192229,0.0614438163516848,0.2679481487129085,9.152858542437867,5.5894110640669545,0.5531079313305586,3.042060373554594,29.13282607957734,30.408242224997053,0.4263405628859578,12.887436142173446,1,1
31,29,6.57030397496366,35.79471506173827,27.03942331117959,0.0234368807297008,0.179664631287656,8.334720478441087,0.080543276608787,0.3032655161832699,9.105519623713498,5.639851669870617,2.8768289606514554,1.6371843698843862,25.42059610055912,13.16668084674568,0.4892368619263117,15.065752776167283,1,1
35,24,6.271609905891584,11.05023744420417,20.057281348185967,0.0603464093330902,1.2705150962827017,8.103393814458132,0.1281256953782852,0.1251885634934801,8.8379690562458,5.056912894916664,2.358340655082976,2.488747588272393,31.810313798376946,15.367379147208116,0.0873913279458038,11.260798966019767,1,1
32,24,8.690345616692586,27.706979774526783,12.753193874950812,0.0415193767309113,2.216778205928881,8.09973987802556,0.122197696179853,0.2334049414651467,5.292510175208243,5.047617875391401,0.8149117579341681,1.8224196761565332,29.779793511979825,39.72406494906244,0.0890839996949485,22.529523777371335,0,1
21,32,5.1555779995867885,16.30088048548845,12.917192896150256,0.0244203974986427,0.6936864164549968,7.879221106133997,0.1305704792481203,0.3139616345530577,5.2368470635749045,5.901829546950635,0.1039671546542567,4.631850874084202,25.09507111529139,43.98939197985891,0.1223674082309673,12.942194843436134,1,1
30,34,7.041531713797255,23.29919528551526,21.45030563868491,0.0230852000609012,1.2295964752416852,8.091298584169598,0.0840441080099418,0.3687775543394601,9.128441550734568,6.53035529468368,1.3684114032296704,4.717394098763966,28.206166743735125,34.946322820715906,0.4430423994288472,5.618336328312193,0,1
38,29,6.133651914617554,16.9535077086805,23.489967256539757,0.0317214981054188,2.76982159646125,7.934735681561338,0.1082400964867939,0.3151089965102573,9.8864545680674,7.9580409326282595,2.5569268865040438,4.865273967628399,29.314589517942075,60.66381083546043,0.274455702510049,11.757145006194818,1,1
23,21,5.135875080454221,36.53129641068914,9.90334917156212,0.0383603987574884,2.3251096147953274,7.976009176002053,0.1271038370244854,0.2617457719924591,9.695821237873009,5.032338706120044,2.6292258935907373,1.926802632703433,27.487353045486064,24.16039352200429,0.0964855990338472,11.317020369752843,1,1
22,28,8.496576875631018,23.775677011976853,29.31324479279261,0.0479801328876169,2.67738220287579,8.341520329583146,0.1480986302798683,0.3219467667996628,8.809659083557952,5.722384831618895,0.8678248038597876,1.8664641431043452,31.69986936979892,94.08127969649252,0.2772056597451633,15.46419725269633,1,1
23,34,9.908993466303135,31.65787682547038,3.867428679352568,0.0291792147080112,0.8062321828086552,7.842754999588936,0.1398123834712878,0.1015070778202132,9.177946601533131,6.100217790722001,1.6123170029470797,3.52621394176783,31.16877227361192,89.05058380390406,0.4466471704821543,7.213005054796007,0,1
36,31,7.795924034146632,24.681293469120103,10.278621099605337,0.0442459078324943,0.4040236668973748,8.268981267265927,0.086699814726822,0.3386064002794523,9.811920272353994,6.175560332797267,1.5259664631212089,2.9454004604379813,28.671424313140665,82.54472321680475,0.0293391059064242,10.08114584222912,0,1
26,32,8.141190552316406,22.8882577639709,28.111248501868623,0.0193341127121459,0.8770339753098588,7.862107768203678,0.0606125418564902,0.227260874321664,7.6017172707626735,5.227605921990486,0.4704540142737984,1.83903406004534,25.95897780033277,28.844320010119542,0.3053260720090368,13.67119822621308,1,1
36,25,6.316578918766,20.35689861009917,29.35688694326493,0.056461991703777,2.4471716788671425,8.124454501132414,0.0749203770591287,0.2165537544082928,9.000976458811602,6.974291173075924,0.3908307701888264,4.4833304851414,31.866662581468333,97.43689243739406,0.0979742335778004,13.050689943474026,1,1
38,31,5.371204364941932,29.03917769462141,27.41659212897036,0.0571826507197469,0.3041755509672911,8.141685908797806,0.1261458833436158,0.2793467741726306,6.857835602387126,5.041454889388708,0.845316366075404,2.002033743543339,29.81716982284243,11.243998368774522,0.2410430219840652,14.927633558477828,1,1
32,27,7.441873144914694,27.26228161858445,18.232472651757377,0.0757213882599591,0.3651361796989567,7.901474917586507,0.0890752984567004,0.3137542256941052,8.712393344634858,6.3860035494629805,0.1264188372583848,2.090522035470022,28.59248860902224,42.621693420693376,0.1655587043799521,17.2285944176277,1,1
25,32,5.85290955778545,28.340098066499408,19.191424775655022,0.0675892045202044,1.4399140942347113,7.996063858893027,0.0534739947444781,0.1714651221356412,9.409665395205469,6.003569505415404,2.2473140549124104,2.1512784535046023,30.03169986685967,94.28291080368824,0.3056139037138456,12.211931091478373,1,1
33,28,7.226230561423941,30.197393180635945,14.80840556435687,0.0381187824931843,0.2474749285438812,7.847792356572254,0.109665789199709,0.4145287224544308,9.634954897825889,5.8321981929004005,0.2986719452905019,3.739181608600613,26.16392057867476,23.99611276711331,0.1929194390650671,5.487952074852496,0,1
32,33,8.944011319526798,22.243571704777693,13.1145432421602,0.0451925134126728,2.604314728695098,7.829137633977397,0.1104801761843963,0.3266256012920562,9.370583736774506,6.2954035462280125,0.5889506180093728,1.7471092265442802,30.844679835628483,16.644577797449415,0.2866461886041859,13.628666195727767,1,1
38,29,7.364485664054524,36.225120464710784,5.113844925470124,0.0106680347147058,2.3477372209834457,8.195921920097424,0.0663545686824139,0.490600789458405,6.674145616516008,6.7451026225582655,2.6657010596122377,4.729222730979519,28.543674866180105,66.0430356609646,0.0505385855872925,15.14963030685723,1,1
32,31,7.034859548171319,18.56526340355535,6.55106364912382,0.0674381253422191,2.5634627145926205,8.395558631148997,0.1108797960180393,0.4986690434211168,8.403286899949425,8.062193416397264,2.8403991060598,4.60588633579062,26.73111259179406,25.97256471767342,0.280337549233046,17.1411158409723,1,1
23,26,7.348208873403545,22.29217709328817,12.182070049744588,0.0346319384042904,0.5106900104611899,8.313967401734956,0.0627568151364284,0.3574716943828658,7.705752040616841,5.213655052998194,1.833866315451537,3.8786202931124567,28.76523758089508,76.49175608644734,0.4038156577681425,9.709777886787744,0,1
38,27,7.364856730477551,10.465249918797763,5.261379790853438,0.0465085688737677,1.652848354005167,8.36989752329182,0.117227882947408,0.2869429153326447,9.644141651337929,5.189594311724656,1.0830509590806954,3.2593804088686062,31.845832835470773,53.235737938208814,0.3997094234640121,6.477177194860115,0,1
38,24,7.371442102156303,24.377802697436124,20.99497279408437,0.0636107897963772,2.896853320747144,8.128443843600735,0.1284536518684895,0.286914943272848,9.0649552533982,6.900370673949448,1.911725270497282,4.295242087521404,26.651440773313684,45.32538855662296,0.3706372400253645,13.152471484520047,1,1
26,29,7.954337206355207,15.451698796844695,18.597586344365173,0.0155449205005859,2.181824683600593,7.8385516337727665,0.0593297855476743,0.3294612811955029,6.6163348959202,5.895753733238783,2.6787905988277942,3.552620261947323,27.61919765514106,90.48544468153104,0.3875117757466046,14.408243508479778,1,1
32,22,9.27067998825252,35.437836512900454,6.81840890867354,0.0113613635257656,2.125180116710268,8.152610850237007,0.1336384235631225,0.3673954483933616,8.567277072564927,6.016141593790033,2.947444159422557,3.609384990332553,25.51029490896403,31.74618445861459,0.4526874113050546,13.274939556778822,1,1
32,21,5.247484267468333,26.367555480074437,26.60553899420161,0.0232155819441411,0.9520039648975496,8.337475723736825,0.1330192563069571,0.3519682016245038,8.260096065646636,6.226396306099503,2.135665248513945,4.646318405008875,26.57564165216276,72.25711413498105,0.0576678704899624,12.540181445425723,1,1
33,19,6.48363820552045,26.440970699927203,6.175943126312648,0.0511338890630576,1.336263380469935,7.924706232851789,0.1211682059355086,0.2849447136590933,8.292391490920082,5.076390622412818,1.9602364717634373,2.390097548339662,30.88835839113836,89.63855564916778,0.4915908885295247,14.081950226148061,1,1
27,34,9.001774395117033,14.760366210690549,5.558694726116299,0.0375036534923425,0.4645471288851354,8.270150336845731,0.0784595794535918,0.3888389785071523,9.33662559092383,6.8524721358018015,2.509428028361543,4.755568589460077,30.497947648535018,78.89781983928391,0.1580665983922022,7.077933126885373,0,1
27,20,5.461423960366286,28.162352725227617,14.861280342415196,0.0343034517293548,2.31108911362339,7.917032833341818,0.083533823834821,0.3360924789625435,8.24416460695685,7.361248041963046,2.109066368642196,4.6849925933107786,25.26301020091227,48.86675791642332,0.3849331087326715,17.227049026706826,1,1
20,30,7.063376630416983,22.449136462002347,9.405210866681342,0.075966000762789,2.4932211332913248,7.876911066179459,0.1379810435719685,0.2004633605433143,9.800551380789734,6.973954854953395,0.2944961894668378,4.29611716974644,29.740119705456245,98.974945433757,0.4928961229020494,8.49634368046021,0,1
39,32,8.230480875025314,31.38333028650493,16.099315482332813,0.0651740650906694,2.6177889197590387,7.873753127999383,0.0545088856005389,0.3416821919453217,8.987785368448034,5.461710242817071,1.9858907561910424,3.2199013394101925,29.10918117353634,11.99491803015506,0.2384096464245544,5.927263472294854,0,1
37,27,5.771607826415397,31.73033218988619,8.927192917633683,0.0769090203022614,0.5315452721027104,7.897302436282312,0.0989704031857855,0.4288844621230817,8.121225286788375,6.616322117973238,1.686477522916016,4.41688137186293,25.64449031996232,22.402268891314108,0.4463284662359516,11.374242944546445,1,1
32,29,9.10006314559678,38.75493507003221,24.949067485842395,0.0691508566009043,0.7062685734645118,7.940519435872854,0.1499707637821831,0.1754482076170524,7.932138018615922,5.14872293976506,2.371505275718872,1.9193221109334,25.2819688071639,57.98262372495815,0.3987217888757522,13.230658431861082,1,1
20,22,7.244265358373541,25.997541978373075,9.93419392895131,0.0172629440475099,1.670631076115612,8.034051623268128,0.0510345596472699,0.3837188547670661,8.21956502602729,5.7694923690498765,1.0467709164739998,4.492637436757619,28.666901551157917,61.47508261663018,0.1857363432167471,9.662430791929555,0,1
32,34,7.333038923486079,23.893441415125345,6.002904572821061,0.0672033735508648,0.2743148126273479,7.86342036232758,0.0948831693180648,0.3460912811200814,8.464621341605003,5.556236503175718,2.318506739575997,3.512957736148929,27.83428037507415,80.41117672732521,0.0979523673488975,5.730958460156867,0,1
25,19,7.7126718426612575,23.845687827658203,26.73981239436533,0.045970656799929,2.182495040072465,7.8981650525062275,0.0793761873027386,0.3256507775047986,7.063995550775424,5.763017318973056,2.6186627327306358,4.223930355886799,25.6682387508988,45.77700961964943,0.0223255236133254,14.248139169973228,1,1
22,23,7.250616805909661,14.51824309654822,2.722663000169089,0.0625418919720888,0.6036477471675855,8.101104145533384,0.0823979274710099,0.1713047125955094,8.84070931124829,6.25365345941468,2.269356800355537,3.1195452559207557,29.62626537757249,73.65647851673819,0.069835184469337,15.438402389309895,1,1
38,32,5.828141735141327,16.031954561498353,16.69719962832347,0.0270903292354835,2.2090785643120587,7.909901716456975,0.1469556875223185,0.387877828584335,8.474742629909619,6.246604402438607,0.4478730024697566,2.618076987002502,28.99533599326036,38.738649384805946,0.4240252420473903,13.110915350972759,1,1
32,29,5.223892252523341,32.0868664758565,11.25096126263726,0.0748079162110462,0.5074711790149204,8.135996202878134,0.0675600139708517,0.3535070639193983,9.591818752956767,6.780444138880513,0.4722457773960737,4.75211250945787,30.331733998123735,59.76969244200294,0.0895609200179325,7.581673581925134,0,1
37,32,5.506299573075795,38.00713250372944,3.654962984518327,0.0459768812683495,2.8846324099101914,8.102654847638062,0.0856366637755056,0.2248513107512424,7.160078523932539,5.2133959781994434,1.6675348281579134,2.837174244718257,26.452341293595296,68.75362212885463,0.1582963989739863,11.899411327692475,1,1
35,34,5.526295925985062,19.12090817343999,10.005214945593668,0.0221116708825815,2.269506436873719,7.853712118078105,0.1023292462888995,0.1347451631944731,8.919951784236277,6.187780383814288,0.4560907155222476,4.805909011410375,27.850155434623844,42.060835788475735,0.0843198388662486,3.9466371923756114,0,1
34,32,9.860126282482955,38.83478247130496,6.756432643325337,0.0183671608682954,0.6951382531528082,8.013475876692596,0.1497131894158366,0.1210568450508644,9.60274781211124,5.39796373464949,0.8832776816225721,4.150807530795792,25.770407403063352,14.49135288198084,0.1538699608817273,1.7608967636137702,0,1
37,31,6.566031305350871,31.18475506357162,29.09847665415758,0.0634699550140149,0.4981797879106527,7.912809430317774,0.1130397731274826,0.3464369284599974,5.838170862259022,6.027253924068956,2.8134962948881146,3.922128523479977,27.01219979452858,66.37279100289922,0.2546964673705211,14.805233777204426,1,1
38,19,9.177401181911636,10.160384825630931,15.73143853719437,0.0548717400344748,2.217377544551632,8.116289028975158,0.0768339791274657,0.4994392671746173,4.768887896752921,7.378193530446628,1.3827407697620095,4.08359361727521,25.062063946935364,24.73386872581453,0.1307527975888912,28.995424453094387,0,1
34,33,9.974289865296608,12.079849911632945,18.45551651205129,0.0366623253837263,2.2308092529304986,7.929675599009257,0.1212753754762584,0.4698650753166383,9.115574066813418,6.319877255778774,0.6473995860089014,1.8155133704863968,27.36940100998488,13.689631954730263,0.3937030603779179,14.094626928194522,1,1
36,31,7.389392240111212,21.14457830978303,21.244275752310493,0.039217413680427,2.153028655645985,8.347092956182045,0.0571814583763915,0.2825231646632693,8.582000118120986,5.395492115505212,0.8691597365980015,2.5757319145849884,30.62632486416336,52.32970794742905,0.1620160573980085,11.241966293030542,1,1
39,21,7.66128765574488,28.555811761545566,28.92524259729264,0.0316768209280904,2.1695910160318537,8.26519915793155,0.1247315825572886,0.2543250087037157,9.448472247097602,5.468428926021112,0.4752047000958695,3.918039999835068,31.20432160773156,72.62409079214366,0.0447476018582331,8.242954787681304,0,1
31,25,7.965072501802988,10.748986663601714,13.454384161776536,0.0262682832350089,1.402341838760729,7.985081527549612,0.0555749598470328,0.1483999070048265,8.724426854010114,5.61765977735997,0.685620669631411,4.998678572492135,25.347094793668017,16.8592316302179,0.0505419555279199,5.098976214700379,0,1
34,33,5.2887052593458685,38.606052935545264,11.795922757063924,0.0410928763545053,2.273881424724543,7.80480488440427,0.065564799276159,0.2494538608370897,9.668522677149577,7.300345445540461,1.419239420116744,1.7684305567976897,27.93065229423311,70.51613939167694,0.2474481607668328,18.129784185506622,1,1
34,22,8.403779464802428,36.44846919633993,8.826454255885027,0.0195936961979708,2.209932802753382,7.857056188626437,0.0891941189788437,0.3755070063836606,7.877664044589581,5.460655647618102,2.406819240804037,4.173766365488529,31.16901605251145,53.991886783711685,0.4639757393485875,9.380993362014179,0,1
21,32,8.028776515695284,30.7203931344402,7.48115697935749,0.0101453562320056,1.2271567769457563,7.963024511312455,0.1367477023495972,0.4327960212441389,7.687437093983067,5.5464941723950085,1.901114856564258,4.486322901017931,29.31710954762784,65.84218714463296,0.2945164421763757,5.279285229661317,0,1
22,21,7.279896378799684,21.26323329003738,27.53486835758973,0.0482816821651203,1.620513321186351,8.371603719899445,0.0522272455067223,0.2858899212322686,6.811073782149848,6.834419518689368,1.58423855257201,4.709330460696044,30.2615967404726,48.345069192811565,0.251378742637885,19.627963086238122,0,1
37,31,9.980614748197205,30.73635428159621,27.42442250249928,0.0750754725390929,2.009358826593421,7.935143941401147,0.1190853504339813,0.4800276621093625,8.132458354934027,6.421068872229334,2.817328128585217,3.217180846035027,29.826802285603183,42.82651264958098,0.4537154139639228,12.882208692291105,1,1
28,24,8.162720549829139,11.656675622290852,18.466621852952517,0.0635343369487562,1.4679264239845076,8.194673268021711,0.1293843292867861,0.4864399490925929,9.93701177081821,7.028950220830229,1.4471047079539845,4.9896597304697,27.16445415570529,73.71824512447789,0.1670877799359496,8.727766799865975,0,1
34,27,6.667036610795552,23.153701457517343,24.635056704512643,0.0276264736235617,2.73247732069959,8.273627595362147,0.0987581603396716,0.2453492833992391,8.613134429707863,6.471611701145102,2.7549525411117046,3.8049206096340034,27.98753679122164,81.10497751637958,0.4813714838001665,13.594012374531724,1,1
34,21,7.6428905486109855,39.55911496861856,10.280931752660578,0.0159687839128174,2.232844232933281,7.964424953822565,0.1029895296553941,0.4915718588067962,5.563669506967472,6.00976985211187,2.943618028636951,4.49718830829985,29.076532010180117,45.30233631942001,0.2810565860070107,17.404493147768505,1,1
27,30,9.973243207799989,14.66714310607907,7.072811823800562,0.0285579275290604,0.7745512002313922,8.030496454772077,0.0594907909766078,0.4855774937075773,6.591603383946069,5.381009819617301,2.868484408367332,2.689311516411981,28.08251438198337,93.72027724255922,0.0580174235945593,14.667329167073575,1,1
38,30,5.220809680889157,16.59120371174201,14.207865055976404,0.0254229175406307,0.7392698661885805,8.073695244671894,0.1076967310468371,0.1902778697561721,4.419068848899415,6.400419217138255,1.2706699195008913,4.936558588166944,30.41069698645496,28.489082483321656,0.4194315978927765,18.424634989858276,1,1
28,26,8.16453165339217,34.79855036507466,18.51029786424333,0.0509524618103063,2.6171032618061805,7.821977818559292,0.0676643029870469,0.3416462499923798,4.6862926680226895,6.411376473494,0.66079796864926,4.459215234960683,29.11638336092771,23.65145635300093,0.0185728182682228,19.75456464669132,0,1
35,27,6.4016723039576044,12.95748781067237,12.848636285831084,0.0535063106823834,2.0487307999884483,7.94305630737209,0.1302564534348624,0.2665568680567681,6.985063366021478,5.172008661778287,0.9885050071152398,1.525147484330557,29.75768981276066,73.49039809357032,0.4256641903278571,17.862888465410904,1,1
23,21,8.437031820681188,34.879427023772784,26.17743705755877,0.0253903369458283,0.7979766102050676,8.365089900030094,0.1345708581716727,0.2803629352755817,5.95671822407851,5.487065510398262,1.4630586077608203,4.762326146941192,30.28170537178719,77.87809827932003,0.2684396274433431,14.722810961086509,1,1
36,24,5.725982564423301,18.457571287141874,19.877685974375797,0.0652367278154129,1.2697564845764244,8.009751117470636,0.1183843030645361,0.1995265261352888,9.527569546165235,5.338570428849005,2.0508663268116334,2.264602767113314,29.209986096573605,26.786964679018904,0.0107023653370448,11.123909551421553,1,1
25,28,8.550550282108533,20.914289234228004,10.952809471415458,0.0522025017823804,2.061769216127992,7.975602867455654,0.1292044591048961,0.3644933533047463,6.169191244040723,5.185984158765217,2.374428738047359,2.9356139720873657,27.43094064413389,93.59508688784132,0.2310615611257425,14.546897822753108,1,1
21,26,6.055562355830681,20.41187105498185,5.853632563154118,0.0798739935365932,2.474365750114156,8.005213598548789,0.0579186409108625,0.1042767960454005,6.198534002917929,6.374828368542472,2.709650609656341,4.815580255590962,27.4343551464024,20.90829496345234,0.3716133273148292,15.656874467855488,1,1
20,24,6.073140366294014,24.126020686695306,19.370395059464187,0.0637513454543598,1.1910651972474542,8.092862668260826,0.1159328127984001,0.2009076358403383,8.849169202290298,7.28753035306444,1.7583551393803267,4.980687289496151,26.15004797268561,14.46514629957386,0.0908238637715122,13.428213845994787,1,1
34,27,8.59895726677343,29.74247754247571,12.47051976541389,0.0167912752765962,2.746538102215032,8.232060992723484,0.0812682665027792,0.2348879639640904,9.155064610974849,5.093148317770328,1.205800855861026,2.6931539536793454,25.78292160658343,45.86432448457781,0.0132302786160801,9.179316101979872,0,1
30,25,8.185454185404524,22.4843610292182,3.525049326271452,0.0424535452040414,2.1851563851723843,7.933249312925394,0.1275976849815242,0.3042957318024868,4.568172210195733,6.340439440147776,2.0847177313170127,4.622304235986275,27.961411664377074,51.01819325753103,0.2237415752763611,19.858468117798562,0,1
20,26,6.449850594718045,25.304451413689694,22.331115261649835,0.0752035294817676,2.1158474662427253,7.828703287504223,0.1236805106720999,0.1898642800420286,6.749500954696165,6.283525596146573,1.2335399622039027,4.890332130205328,31.519089868172784,44.23410433346259,0.4913565839084537,12.415006693751735,1,1
39,29,7.012233187168345,14.959068584138835,25.10591839526967,0.0566855189642734,0.7156047943279917,7.987526191342034,0.1323268653114772,0.1911372752306002,4.684327537492284,5.219148987699655,1.2165445769312897,4.635638817894856,25.12003707812853,17.6091150351167,0.1241273965840246,12.754562875723963,1,1
24,23,5.413577307621767,38.16684880123825,24.746940277212225,0.050093237306856,2.0511950768184444,8.083727593326326,0.1402876647062995,0.4887698202809341,6.752971731993505,6.44891345575464,2.1477546076263856,4.999266877450712,26.537511801358697,99.76295633947336,0.1360347025882979,14.095707306949773,1,1
30,29,5.580113406740846,28.70433491557889,3.5056247265355345,0.0542316111472819,0.3062210538189667,7.887340505899941,0.0845461151468268,0.2708530124193565,7.714786203217637,6.10818238513369,1.4891688216666044,3.437248767627443,30.832355580752264,40.31937680289221,0.3275626849331435,13.107667901536377,1,1
24,33,7.823145254986316,11.6054338873913,8.475837992846753,0.0507773644208515,2.2555539781498224,7.867604115980874,0.093049358343151,0.4978102993532134,5.9098501518183,6.800114048074749,0.3286621886548137,4.489100784012769,29.572805716387062,54.85343009058275,0.1536388500264545,15.212970252429884,1,1
22,25,9.221243512029092,16.96167219103468,10.5693206544056,0.0627183193025772,2.471586448709316,7.824570919289687,0.0740084701936643,0.4373916676502056,6.9383286084209415,6.126297143422121,1.0338933973289126,3.239147428285568,26.344905290413067,89.3400634961201,0.1218721085563372,16.79251928508169,1,1
33,25,9.37755613276308,18.81847303050693,14.47146659096203,0.0380803578644258,0.3009830674543712,8.3296690197759,0.1310017778046263,0.2102226680484915,8.78055238481996,5.0899693185421615,0.5780845487449954,3.1731121196724223,28.590725237814677,87.49495820958323,0.2137862044739756,9.40233959948192,0,1
20,21,7.379838655058279,31.12249813964017,19.87381616777209,0.0686879746664533,2.6874899550605087,8.211264313422776,0.0907739216191595,0.2271839326638471,9.869140248262491,6.144744986736535,2.580394267733635,3.6987233663140775,27.89800736176933,34.459182790641776,0.1341555114803962,11.154157396194384,1,1
20,33,8.334333302754608,30.86873957062174,3.9856468656634183,0.0246942632023636,1.6171582023373496,8.113638406834113,0.1093940620943405,0.3052954288385837,7.6422689923144995,5.463388610389353,0.5369132408022388,3.489253189823511,28.88460022475796,37.19669589994752,0.478750818203329,9.016501689640634,0,1
21,31,8.910076674664836,15.995238138458186,26.149902207244388,0.0642200458222055,0.2259567359833486,7.960139572859263,0.089884141194697,0.2905957589415305,9.6057019999789,6.45714000517933,0.5844164744980533,4.541196445084769,25.81784315487477,87.79848656698931,0.0938594083755714,5.40565939100126,0,1
29,26,7.719028639331187,11.665750984274515,8.526038732943379,0.0252410229778053,0.8569823354539595,8.35770342322089,0.1404401436516952,0.2302829340347996,6.782366661782664,5.321265791780981,0.7460763962088846,2.92728534165679,27.83136187250132,10.303564919549997,0.4164963909680813,16.273669205689274,1,1
31,31,5.208284091913412,18.77549276428756,14.952619318944286,0.0445384690289376,1.4986448395890093,7.876106356135558,0.0505924065454002,0.1827664749384467,9.028137672512129,5.1797418098109045,0.4433645940103581,2.890452834536558,29.37356995133704,62.80773577715083,0.1057868691181164,6.553390920916273,0,1
29,21,6.838668254025549,25.18990928062804,13.499858870966651,0.071512256657385,2.415604304498234,8.0041297430732,0.140597366350926,0.4863355100233321,8.662200249818792,6.528459458038075,2.2540522592128958,2.06420768975738,27.71808444563977,19.66585813220193,0.364269980200937,20.237644074706793,0,1
27,31,6.709018527460913,23.66857469311755,20.859304187678944,0.052957823141012,1.0837882875337144,7.85519070640248,0.1137702851041928,0.1563615774751934,7.275001499355943,5.787246997841228,1.2794999015248854,4.747749460130693,31.7653491859183,94.4192860054179,0.10581871519449,7.3908990545249225,0,1
33,28,6.116316927525982,26.290642926002924,9.752359145776342,0.0481968065478044,1.372136538891569,8.062303229736106,0.121721923101042,0.3590680010847903,7.998023029576305,7.147605082081688,1.9571908467969488,4.576951318542113,30.474708578388743,13.130648277286063,0.4027119836337832,14.219248028115338,1,1
20,28,9.396275574231923,19.394896054893312,25.678298623765585,0.0672815472372712,0.8065518511021904,7.8852845121587505,0.0758500567699594,0.1294325177958763,6.627858877846871,7.074460126541336,1.6226852235530171,4.623476425239887,31.699048424735484,25.446101669610837,0.2100349642027587,17.405527443641088,1,1
27,21,8.016459028574715,31.30397921693612,25.02238715215629,0.0160748067845493,2.5875160227794853,8.077612699012697,0.1157318825156272,0.1523505333830748,9.847252466321038,6.057888630147987,1.0490538409916437,3.525157249330924,28.74414605294909,14.357737522952348,0.2577151633889125,11.277372765812387,1,1
20,24,8.098672857165447,38.24598730853323,27.69954472661949,0.039734833906693,1.9539568707298267,8.283514623200437,0.0733251691266392,0.3070714672923829,8.016982705989019,6.242011010197933,2.312216933377349,3.720227499419589,31.47672890865816,73.44216354197297,0.0555592163312847,15.381360152119345,1,1
27,22,9.235972195167909,23.87173530737622,8.513825874829699,0.0228396550448569,2.2383816188889467,8.026432574984867,0.053077517825916,0.363751571440586,7.251772140241319,5.153229867358645,1.681193606710094,3.5534861182824318,30.98663753297992,65.08986197507724,0.4193548223148583,12.386310075436384,1,1
39,22,5.819405118902411,32.72393336352153,22.694559815802688,0.0720929921112873,0.4311329626876833,8.067467248535682,0.1247923651311417,0.3589787695004992,7.781177616488548,5.146736021578169,2.454388846438356,3.3091202758819365,27.868922690971694,47.50472034757441,0.1316760566821728,11.520644020256599,1,1
